Date,Adj_Close,Close,High,Low,Open,Volume
2022-11-24,11.992363929748535,15.180000305175781,15.199999809265137,14.989999771118164,14.989999771118164,15425000
2022-11-25,11.937065124511719,15.109999656677246,15.260000228881836,15.109999656677246,15.199999809265137,3369000
2022-11-28,11.850163459777832,15.0,15.0600004196167,14.979999542236328,15.0,930603
2022-11-29,11.92916488647461,15.100000381469727,15.109999656677246,14.949999809265137,14.979999542236328,491000
2022-11-30,11.992363929748535,15.180000305175781,15.180000305175781,15.020000457763672,15.020000457763672,464071
2022-12-01,12.110865592956543,15.329999923706055,15.399999618530273,15.300000190734863,15.300000190734863,737075
2022-12-02,12.10296630859375,15.319999694824219,15.329999923706055,15.270000457763672,15.300000190734863,523282
2022-12-05,12.166167259216309,15.399999618530273,15.460000038146973,15.3100004196167,15.319999694824219,789000
2022-12-06,11.960763931274414,15.140000343322754,15.369999885559082,15.09000015258789,15.350000381469727,538000
2022-12-07,11.889663696289062,15.050000190734863,15.119999885559082,14.970000267028809,15.050000190734863,705000
2022-12-08,11.82646369934082,14.970000267028809,15.0,14.880000114440918,15.0,1049000
2022-12-09,11.913363456726074,15.079999923706055,15.119999885559082,15.050000190734863,15.0600004196167,182000
2022-12-12,11.952865600585938,15.130000114440918,15.130000114440918,14.899999618530273,15.050000190734863,312000
2022-12-13,11.889663696289062,15.050000190734863,15.1899995803833,15.050000190734863,15.180000305175781,133000
2022-12-14,11.992363929748535,15.180000305175781,15.180000305175781,15.109999656677246,15.119999885559082,416000
2022-12-15,12.00816535949707,15.199999809265137,15.229999542236328,15.149999618530273,15.180000305175781,431000
2022-12-16,11.92916488647461,15.100000381469727,15.260000228881836,15.0,15.010000228881836,343000
2022-12-19,12.000264167785645,15.1899995803833,15.220000267028809,15.100000381469727,15.170000076293945,246000
2022-12-20,11.794862747192383,14.930000305175781,15.180000305175781,14.930000305175781,15.149999618530273,328000
2022-12-21,11.786961555480957,14.920000076293945,14.949999809265137,14.899999618530273,14.949999809265137,157000
2022-12-22,12.000264167785645,15.1899995803833,15.199999809265137,15.130000114440918,15.140000343322754,459000
2022-12-23,11.92916488647461,15.100000381469727,15.100000381469727,15.020000457763672,15.050000190734863,300050
2022-12-26,11.944964408874512,15.119999885559082,15.119999885559082,15.050000190734863,15.050000190734863,50000
2022-12-27,11.976564407348633,15.15999984741211,15.260000228881836,15.119999885559082,15.149999618530273,219070
2022-12-28,11.834362030029297,14.979999542236328,15.050000190734863,14.949999809265137,14.989999771118164,176000
2022-12-29,11.873863220214844,15.029999732971191,15.050000190734863,14.899999618530273,14.949999809265137,105166
2022-12-30,11.905463218688965,15.069999694824219,15.100000381469727,15.069999694824219,15.09000015258789,32100
2023-01-03,11.937065124511719,15.109999656677246,15.140000343322754,14.949999809265137,15.069999694824219,62000
2023-01-04,11.897563934326172,15.0600004196167,15.15999984741211,15.050000190734863,15.109999656677246,96000
2023-01-05,11.92916488647461,15.100000381469727,15.220000267028809,15.100000381469727,15.149999618530273,211000
2023-01-06,12.0476655960083,15.25,15.25,15.119999885559082,15.119999885559082,784000
2023-01-09,12.174068450927734,15.40999984741211,15.40999984741211,15.25,15.25,316010
2023-01-10,12.19776725769043,15.4399995803833,15.5,15.399999618530273,15.40999984741211,232054
2023-01-11,12.205668449401855,15.449999809265137,15.470000267028809,15.40999984741211,15.460000038146973,119000
2023-01-12,12.126667976379395,15.350000381469727,15.449999809265137,15.350000381469727,15.449999809265137,31000
2023-01-13,12.071365356445312,15.279999732971191,15.40999984741211,15.279999732971191,15.40999984741211,98295
2023-01-16,12.031866073608398,15.229999542236328,15.300000190734863,15.1899995803833,15.300000190734863,155000
2023-01-17,12.10296630859375,15.319999694824219,15.329999923706055,15.229999542236328,15.229999542236328,162000
2023-01-30,12.426870346069336,15.729999542236328,15.729999542236328,15.5,15.5,376100
2023-01-31,12.45057201385498,15.760000228881836,15.800000190734863,15.75,15.75,52062
2023-02-01,12.561173439025879,15.899999618530273,15.899999618530273,15.760000228881836,15.760000228881836,392000
2023-02-02,12.750774383544922,16.139999389648438,16.139999389648438,15.930000305175781,15.930000305175781,574000
2023-02-03,12.877176284790039,16.299999237060547,17.299999237060547,16.270000457763672,17.200000762939453,3990012
2023-02-06,12.695473670959473,16.06999969482422,16.420000076293945,16.06999969482422,16.420000076293945,1830951
2023-02-07,12.750774383544922,16.139999389648438,16.149999618530273,16.040000915527344,16.100000381469727,539040
2023-02-08,12.932478904724121,16.3700008392334,16.420000076293945,16.239999771118164,16.25,641018
2023-02-09,12.885078430175781,16.309999465942383,16.34000015258789,16.299999237060547,16.299999237060547,277000
2023-02-10,12.790277481079102,16.190000534057617,16.260000228881836,16.149999618530273,16.25,417223
2023-02-13,12.719175338745117,16.100000381469727,16.190000534057617,16.0,16.190000534057617,299200
2023-02-14,12.869277000427246,16.290000915527344,16.290000915527344,16.200000762939453,16.280000686645508,1476000
2023-02-15,12.774477005004883,16.170000076293945,16.290000915527344,16.139999389648438,16.290000915527344,856044
2023-02-16,12.900877952575684,16.329999923706055,16.329999923706055,16.170000076293945,16.170000076293945,327202
2023-02-17,12.853477478027344,16.270000457763672,16.299999237060547,16.219999313354492,16.280000686645508,204050
2023-02-20,12.940378189086914,16.3799991607666,16.40999984741211,16.299999237060547,16.299999237060547,379294
2023-02-21,13.058878898620605,16.530000686645508,16.559999465942383,16.3700008392334,16.3799991607666,482060
2023-02-22,12.971979141235352,16.420000076293945,16.479999542236328,16.3700008392334,16.450000762939453,929016
2023-02-23,13.145781517028809,16.639999389648438,16.65999984741211,16.43000030517578,16.43000030517578,513000
2023-02-24,13.09048080444336,16.56999969482422,16.799999237060547,16.56999969482422,16.649999618530273,379550
2023-03-01,13.058878898620605,16.530000686645508,16.549999237060547,16.34000015258789,16.549999237060547,374000
2023-03-02,13.129982948303223,16.6200008392334,16.6299991607666,16.450000762939453,16.6299991607666,248040
2023-03-03,13.185283660888672,16.690000534057617,16.690000534057617,16.6299991607666,16.649999618530273,531051
2023-03-06,13.327485084533691,16.8700008392334,16.8700008392334,16.719999313354492,16.719999313354492,331200
2023-03-07,13.422286987304688,16.989999771118164,17.0,16.84000015258789,16.8700008392334,307061
2023-03-08,13.382784843444824,16.940000534057617,16.989999771118164,16.809999465942383,16.989999771118164,435387
2023-03-09,13.4459867477417,17.020000457763672,17.989999771118164,17.010000228881836,17.989999771118164,605000
2023-03-10,13.303784370422363,16.84000015258789,16.950000762939453,16.81999969482422,16.899999618530273,639128
2023-03-13,13.287982940673828,16.81999969482422,16.850000381469727,16.6200008392334,16.799999237060547,348958
2023-03-14,13.106280326843262,16.59000015258789,16.780000686645508,16.540000915527344,16.780000686645508,454066
2023-03-15,13.106280326843262,16.59000015258789,16.809999465942383,16.59000015258789,16.610000610351562,265145
2023-03-16,12.995678901672363,16.450000762939453,16.549999237060547,16.440000534057617,16.530000686645508,680297
2023-03-17,13.201079368591309,16.709999084472656,16.780000686645508,16.360000610351562,16.5,547000
2023-03-20,13.161580085754395,16.65999984741211,16.780000686645508,16.65999984741211,16.75,133000
2023-03-21,13.21688175201416,16.729999542236328,16.760000228881836,16.700000762939453,16.75,475000
2023-03-22,13.303784370422363,16.84000015258789,16.84000015258789,16.75,16.75,223353
2023-03-23,13.335383415222168,16.8799991607666,16.899999618530273,16.770000457763672,16.84000015258789,98038
2023-03-24,13.39858341217041,16.959999084472656,16.959999084472656,16.8799991607666,16.8799991607666,260000
2023-03-27,13.39858341217041,16.959999084472656,17.0,16.940000534057617,16.969999313354492,126000
2023-03-28,13.280081748962402,16.809999465942383,16.959999084472656,16.780000686645508,16.959999084472656,172230
2023-03-29,13.240583419799805,16.760000228881836,16.829999923706055,16.729999542236328,16.809999465942383,121000
2023-03-30,13.366986274719238,16.920000076293945,16.940000534057617,16.799999237060547,16.799999237060547,78059
2023-03-31,13.438084602355957,17.010000228881836,17.09000015258789,16.959999084472656,16.959999084472656,171001
2023-04-06,13.414383888244629,16.979999542236328,17.06999969482422,16.899999618530273,17.06999969482422,55000
2023-04-07,13.461787223815918,17.040000915527344,17.079999923706055,17.020000457763672,17.030000686645508,169000
2023-04-10,13.532885551452637,17.1299991607666,17.139999389648438,17.06999969482422,17.139999389648438,166000
2023-04-11,13.635586738586426,17.260000228881836,17.280000686645508,17.139999389648438,17.200000762939453,185001
2023-04-12,13.69879150390625,17.34000015258789,17.3700008392334,17.31999969482422,17.34000015258789,133000
2023-04-13,13.603987693786621,17.219999313354492,17.440000534057617,17.209999084472656,17.440000534057617,233000
2023-04-14,13.690888404846191,17.329999923706055,17.34000015258789,17.229999542236328,17.229999542236328,162018
2023-04-17,13.74618911743164,17.399999618530273,17.420000076293945,17.350000381469727,17.3700008392334,239000
2023-04-18,13.651389122009277,17.280000686645508,17.399999618530273,17.260000228881836,17.399999618530273,399050
2023-04-19,13.675088882446289,17.309999465942383,17.40999984741211,17.299999237060547,17.31999969482422,415000
2023-04-20,13.603987693786621,17.219999313354492,17.309999465942383,17.18000030517578,17.309999465942383,260320
2023-04-21,13.4459867477417,17.020000457763672,17.219999313354492,17.0,17.219999313354492,622304
2023-04-24,13.438084602355957,17.010000228881836,17.09000015258789,16.920000076293945,17.020000457763672,352220
2023-04-25,13.177380561828613,16.68000030517578,17.010000228881836,16.65999984741211,17.010000228881836,717010
2023-04-26,13.153679847717285,16.649999618530273,16.700000762939453,16.530000686645508,16.68000030517578,590121
2023-04-27,13.248482704162598,16.770000457763672,16.829999923706055,16.649999618530273,16.649999618530273,254029
2023-04-28,13.39858341217041,16.959999084472656,17.0,16.90999984741211,16.969999313354492,266000
2023-05-02,13.517086029052734,17.110000610351562,17.1299991607666,17.0,17.09000015258789,204000
2023-05-03,13.438084602355957,17.010000228881836,17.059999465942383,16.959999084472656,17.059999465942383,200367
2023-05-04,13.477583885192871,17.059999465942383,17.059999465942383,16.940000534057617,17.0,411020
2023-05-05,13.438084602355957,17.010000228881836,17.079999923706055,16.989999771118164,17.06999969482422,95258
2023-05-08,13.453886032104492,17.030000686645508,17.1200008392334,17.030000686645508,17.049999237060547,121000
2023-05-09,13.461787223815918,17.040000915527344,17.06999969482422,16.979999542236328,17.040000915527344,804000
2023-05-10,13.453886032104492,17.030000686645508,17.079999923706055,17.0,17.040000915527344,356100
2023-05-11,13.311684608459473,16.850000381469727,17.040000915527344,16.850000381469727,17.040000915527344,430662
2023-05-12,13.422286987304688,16.989999771118164,17.0,16.780000686645508,16.889999389648438,259000
2023-05-15,13.390684127807617,16.950000762939453,16.989999771118164,16.899999618530273,16.989999771118164,233000
2023-05-16,13.524986267089844,17.1200008392334,17.149999618530273,17.020000457763672,17.020000457763672,581000
2023-05-17,13.58028793334961,17.190000534057617,17.209999084472656,17.1200008392334,17.1200008392334,607816
2023-05-18,13.70668888092041,17.350000381469727,17.399999618530273,17.299999237060547,17.299999237060547,1172000
2023-05-19,13.833089828491211,17.510000228881836,17.549999237060547,17.399999618530273,17.399999618530273,441000
2023-05-22,13.825191497802734,17.5,17.549999237060547,17.5,17.549999237060547,263010
2023-05-23,13.848891258239746,17.530000686645508,17.549999237060547,17.440000534057617,17.5,136000
2023-05-24,13.880492210388184,17.56999969482422,17.579999923706055,17.440000534057617,17.530000686645508,225763
2023-05-25,14.054295539855957,17.790000915527344,17.81999969482422,17.719999313354492,17.729999542236328,314010
2023-05-26,14.28339672088623,18.079999923706055,18.209999084472656,17.829999923706055,17.850000381469727,683000
2023-05-29,14.488800048828125,18.34000015258789,18.360000610351562,18.229999542236328,18.229999542236328,671270
2023-05-30,14.401897430419922,18.229999542236328,18.350000381469727,18.200000762939453,18.350000381469727,951000
2023-05-31,14.42559814453125,18.260000228881836,18.34000015258789,18.209999084472656,18.260000228881836,289000
2023-06-01,14.417698860168457,18.25,18.25,18.1200008392334,18.219999313354492,363100
2023-06-02,14.68630313873291,18.59000015258789,18.75,18.3700008392334,18.3700008392334,1382265
2023-06-05,14.694202423095703,18.600000381469727,18.670000076293945,18.479999542236328,18.549999237060547,1148020
2023-06-06,14.710001945495605,18.6200008392334,18.670000076293945,18.530000686645508,18.600000381469727,515000
2023-06-07,14.907505989074707,18.8700008392334,18.8700008392334,18.690000534057617,18.690000534057617,521150
2023-06-08,14.868005752563477,18.81999969482422,18.899999618530273,18.760000228881836,18.829999923706055,777000
2023-06-09,15.19190788269043,19.229999542236328,19.229999542236328,18.959999084472656,18.959999084472656,574666
2023-06-12,15.128705978393555,19.149999618530273,19.309999465942383,19.06999969482422,19.309999465942383,810005
2023-06-13,15.34201431274414,19.420000076293945,19.469999313354492,19.299999237060547,19.329999923706055,518011
2023-06-14,15.428914070129395,19.530000686645508,19.579999923706055,19.3799991607666,19.420000076293945,555000
2023-06-15,15.586912155151367,19.729999542236328,19.729999542236328,19.59000015258789,19.690000534057617,515363
2023-06-16,15.610856056213379,19.559999465942383,19.670000076293945,19.3700008392334,19.520000457763672,335139
2023-06-19,15.443257331848145,19.350000381469727,19.489999771118164,19.350000381469727,19.489999771118164,385068
2023-06-20,15.315560340881348,19.190000534057617,19.34000015258789,19.1299991607666,19.329999923706055,363050
2023-06-21,15.491140365600586,19.40999984741211,19.440000534057617,19.170000076293945,19.18000030517578,673001
2023-06-26,15.395369529724121,19.290000915527344,19.309999465942383,19.1299991607666,19.209999084472656,125035
2023-06-27,15.195844650268555,19.040000915527344,19.200000762939453,19.0,19.1299991607666,536000
2023-06-28,15.17190170288086,19.010000228881836,19.149999618530273,19.010000228881836,19.1200008392334,420000
2023-06-29,15.243732452392578,19.100000381469727,19.209999084472656,19.010000228881836,19.149999618530273,555031
2023-06-30,15.491140365600586,19.40999984741211,19.40999984741211,19.020000457763672,19.100000381469727,312000
2023-07-03,15.81836223602295,19.81999969482422,19.8799991607666,19.610000610351562,19.610000610351562,443551
2023-07-04,16.161548614501953,20.25,20.34000015258789,20.0,20.059999465942383,454500
2023-07-05,16.041831970214844,20.100000381469727,20.200000762939453,20.059999465942383,20.200000762939453,200000
2023-07-06,15.898174285888672,19.920000076293945,20.149999618530273,19.899999618530273,19.93000030517578,641330
2023-07-07,15.842308044433594,19.850000381469727,19.979999542236328,19.719999313354492,19.860000610351562,319000
2023-07-10,15.7545166015625,19.739999771118164,19.860000610351562,19.68000030517578,19.809999465942383,217000
2023-07-11,16.02587127685547,20.079999923706055,20.09000015258789,19.8700008392334,19.8700008392334,385000
2023-07-12,16.23337745666504,20.34000015258789,20.34000015258789,20.100000381469727,20.100000381469727,384040
2023-07-13,16.38501739501953,20.530000686645508,20.81999969482422,20.459999084472656,20.610000610351562,1026000
2023-07-14,16.656368255615234,20.8700008392334,20.940000534057617,20.639999389648438,20.780000686645508,682251
2023-07-17,16.77608299255371,21.020000457763672,21.09000015258789,20.920000076293945,20.969999313354492,777340
2023-07-18,16.760122299194336,21.0,21.299999237060547,20.84000015258789,21.260000228881836,1165011
2023-07-19,16.544633865356445,20.729999542236328,21.1299991607666,20.649999618530273,21.09000015258789,294241
2023-07-20,16.664350509643555,20.8799991607666,20.93000030517578,20.729999542236328,20.729999542236328,278000
2023-07-21,16.784069061279297,21.030000686645508,21.06999969482422,20.579999923706055,20.6299991607666,450000
2023-07-24,17.015512466430664,21.31999969482422,21.31999969482422,20.959999084472656,21.09000015258789,339200
2023-07-25,17.071382522583008,21.389999389648438,21.56999969482422,21.31999969482422,21.31999969482422,476100
2023-07-26,17.071382522583008,21.389999389648438,21.459999084472656,21.239999771118164,21.3700008392334,352000
2023-07-27,17.10330581665039,21.43000030517578,21.540000915527344,21.31999969482422,21.5,958000
2023-07-28,17.294851303100586,21.670000076293945,21.670000076293945,21.280000686645508,21.40999984741211,320000
2023-07-31,16.983592987060547,21.280000686645508,21.899999618530273,21.229999542236328,21.860000610351562,901037
2023-08-01,16.895801544189453,21.170000076293945,21.280000686645508,20.90999984741211,21.280000686645508,399000
2023-08-02,16.400976181030273,20.549999237060547,21.200000762939453,20.5,21.09000015258789,1016100
2023-08-04,16.44088363647461,20.600000381469727,20.670000076293945,20.34000015258789,20.459999084472656,291302
2023-08-07,16.720218658447266,20.950000762939453,20.969999313354492,20.6299991607666,20.6299991607666,370100
2023-08-08,16.768104553222656,21.010000228881836,21.170000076293945,20.790000915527344,21.139999389648438,213000
2023-08-09,16.5925235748291,20.790000915527344,21.0,20.700000762939453,20.719999313354492,170001
2023-08-10,16.161548614501953,20.25,20.559999465942383,20.18000030517578,20.559999465942383,523510
2023-08-11,16.27328109741211,20.389999389648438,20.479999542236328,20.329999923706055,20.3700008392334,109400
2023-08-14,16.217416763305664,20.31999969482422,20.420000076293945,20.18000030517578,20.309999465942383,405100
2023-08-15,16.361072540283203,20.5,20.649999618530273,20.420000076293945,20.649999618530273,98000
2023-08-16,16.400976181030273,20.549999237060547,20.549999237060547,20.270000457763672,20.270000457763672,319132
2023-08-17,16.528675079345703,20.709999084472656,20.729999542236328,20.399999618530273,20.420000076293945,319056
2023-08-18,16.392995834350586,20.540000915527344,20.8700008392334,20.3700008392334,20.700000762939453,204180
2023-08-21,16.36905288696289,20.510000228881836,20.690000534057617,20.479999542236328,20.690000534057617,209000
2023-08-22,16.456844329833984,20.6200008392334,20.700000762939453,20.59000015258789,20.690000534057617,199327
2023-08-23,16.632427215576172,20.84000015258789,20.84000015258789,20.610000610351562,20.610000610351562,222000
2023-08-24,16.69627571105957,20.920000076293945,21.239999771118164,20.799999237060547,21.239999771118164,292000
2023-08-25,16.361072540283203,20.5,20.739999771118164,20.5,20.670000076293945,537050
2023-08-28,16.408958435058594,20.559999465942383,20.6200008392334,20.479999542236328,20.510000228881836,69000
2023-08-29,16.464824676513672,20.6299991607666,20.65999984741211,20.459999084472656,20.65999984741211,199040
2023-08-30,16.632427215576172,20.84000015258789,20.920000076293945,20.780000686645508,20.809999465942383,152200
2023-08-31,16.608484268188477,20.809999465942383,20.850000381469727,20.700000762939453,20.709999084472656,140000
2023-09-01,16.528675079345703,20.709999084472656,20.8799991607666,20.700000762939453,20.829999923706055,159427
2023-09-04,16.704256057739258,20.93000030517578,20.969999313354492,20.729999542236328,20.75,2395322
2023-09-05,16.887819290161133,21.15999984741211,21.309999465942383,20.940000534057617,21.309999465942383,9112100
2023-09-06,17.023496627807617,21.329999923706055,21.3700008392334,21.200000762939453,21.25,14682644
2023-09-07,16.911762237548828,21.190000534057617,21.309999465942383,21.1299991607666,21.280000686645508,12857000
2023-09-08,16.80002784729004,21.049999237060547,21.200000762939453,21.020000457763672,21.200000762939453,21960380
2023-09-11,16.504730224609375,20.68000030517578,21.100000381469727,20.65999984741211,21.079999923706055,25151240
2023-09-12,16.640409469604492,20.850000381469727,20.899999618530273,20.649999618530273,20.75,12261100
2023-09-13,16.712238311767578,20.940000534057617,20.989999771118164,20.850000381469727,20.899999618530273,11642150
2023-09-14,17.015512466430664,21.31999969482422,21.350000381469727,21.06999969482422,21.06999969482422,12769011
2023-09-15,17.27889060974121,21.649999618530273,21.700000762939453,21.440000534057617,21.5,27292144
2023-09-18,17.030868530273438,20.600000381469727,20.829999923706055,20.59000015258789,20.799999237060547,18321495
2023-09-19,16.939926147460938,20.489999771118164,20.649999618530273,20.469999313354492,20.600000381469727,6796310
2023-09-20,16.799381256103516,20.31999969482422,20.610000610351562,20.299999237060547,20.5,5541009
2023-09-21,16.609228134155273,20.09000015258789,20.170000076293945,19.979999542236328,20.170000076293945,4436241
2023-09-22,16.69190216064453,20.190000534057617,20.209999084472656,19.940000534057617,19.969999313354492,4164081
2023-09-25,16.758041381835938,20.270000457763672,20.329999923706055,20.219999313354492,20.219999313354492,2673100
2023-09-26,16.592695236206055,20.06999969482422,20.260000228881836,20.059999465942383,20.219999313354492,2869141
2023-09-27,16.625764846801758,20.110000610351562,20.110000610351562,20.0,20.049999237060547,2283340
2023-09-28,16.683635711669922,20.18000030517578,20.350000381469727,20.139999389648438,20.229999542236328,2398310
2023-10-02,17.014331817626953,20.579999923706055,20.639999389648438,20.350000381469727,20.350000381469727,4145189
2023-10-03,16.840717315673828,20.3700008392334,20.600000381469727,20.360000610351562,20.549999237060547,3143115
2023-10-04,16.78284454345703,20.299999237060547,20.299999237060547,20.059999465942383,20.110000610351562,2599135
2023-10-05,16.948192596435547,20.5,20.540000915527344,20.399999618530273,20.40999984741211,2985383
2023-10-06,16.948192596435547,20.5,20.610000610351562,20.479999542236328,20.559999465942383,2364020
2023-10-11,16.857250213623047,20.389999389648438,20.700000762939453,20.3799991607666,20.700000762939453,3677200
2023-10-12,17.006065368652344,20.56999969482422,20.56999969482422,20.360000610351562,20.43000030517578,2944309
2023-10-13,16.88205337524414,20.420000076293945,20.56999969482422,20.3700008392334,20.549999237060547,1944056
2023-10-16,16.79111099243164,20.309999465942383,20.389999389648438,20.290000915527344,20.34000015258789,2368744
2023-10-17,16.74150848388672,20.25,20.489999771118164,20.25,20.40999984741211,2409200
2023-10-18,16.55135726928711,20.020000457763672,20.219999313354492,20.0,20.219999313354492,4169695
2023-10-19,16.592695236206055,20.06999969482422,20.100000381469727,19.950000762939453,19.950000762939453,1059009
2023-10-20,16.526554107666016,19.989999771118164,20.06999969482422,19.770000457763672,19.90999984741211,2774360
2023-10-23,16.402542114257812,19.84000015258789,19.989999771118164,19.84000015258789,19.8700008392334,2622502
2023-10-24,16.592695236206055,20.06999969482422,20.09000015258789,19.770000457763672,19.860000610351562,2266961
2023-10-25,16.650564193725586,20.139999389648438,20.219999313354492,20.09000015258789,20.1299991607666,1184070
2023-10-26,16.303335189819336,19.719999313354492,19.81999969482422,19.68000030517578,19.739999771118164,3032220
2023-10-27,16.43561363220215,19.8799991607666,19.959999084472656,19.770000457763672,19.770000457763672,876205
2023-10-30,16.518285751342773,19.979999542236328,20.030000686645508,19.90999984741211,19.90999984741211,792374
2023-10-31,16.25372886657715,19.65999984741211,20.020000457763672,19.649999618530273,20.020000457763672,2240250
2023-11-01,16.476951599121094,19.93000030517578,19.940000534057617,19.790000915527344,19.790000915527344,1196002
2023-11-02,16.78284454345703,20.299999237060547,20.31999969482422,20.200000762939453,20.270000457763672,2374396
2023-11-03,16.840717315673828,20.3700008392334,20.399999618530273,20.329999923706055,20.399999618530273,1602500
2023-11-06,17.030868530273438,20.600000381469727,20.6299991607666,20.450000762939453,20.5,4535130
2023-11-07,17.030868530273438,20.600000381469727,20.6299991607666,20.489999771118164,20.540000915527344,1648250
2023-11-08,17.09700584411621,20.68000030517578,20.799999237060547,20.56999969482422,20.56999969482422,2787500
2023-11-09,17.146608352661133,20.739999771118164,20.75,20.610000610351562,20.68000030517578,2016635
2023-11-10,17.055667877197266,20.6299991607666,20.639999389648438,20.520000457763672,20.600000381469727,1756524
2023-11-13,17.146608352661133,20.739999771118164,20.790000915527344,20.690000534057617,20.75,2624099
2023-11-14,17.270620346069336,20.889999389648438,20.959999084472656,20.809999465942383,20.899999618530273,3526719
2023-11-15,17.361562728881836,21.0,21.149999618530273,20.959999084472656,21.1299991607666,4262557
2023-11-16,17.328493118286133,20.959999084472656,21.059999465942383,20.8799991607666,21.059999465942383,2290468
2023-11-17,17.427701950073242,21.079999923706055,21.100000381469727,21.010000228881836,21.010000228881836,3012779
2023-11-20,17.444238662719727,21.100000381469727,21.1200008392334,20.979999542236328,21.100000381469727,1829510
2023-11-21,17.551712036132812,21.229999542236328,21.299999237060547,21.219999313354492,21.229999542236328,3707198
2023-11-22,17.444238662719727,21.100000381469727,21.170000076293945,21.030000686645508,21.110000610351562,3017983
2023-11-23,17.427701950073242,21.079999923706055,21.15999984741211,21.030000686645508,21.100000381469727,1341400
2023-11-24,17.460771560668945,21.1200008392334,21.229999542236328,21.110000610351562,21.15999984741211,1522108
2023-11-27,17.34502601623535,20.979999542236328,21.229999542236328,20.979999542236328,21.219999313354492,2797416
2023-11-28,17.53517723083496,21.209999084472656,21.229999542236328,21.010000228881836,21.010000228881836,1750316
2023-11-29,17.617855072021484,21.309999465942383,21.3799991607666,21.219999313354492,21.219999313354492,2842000
2023-11-30,17.626117706298828,21.31999969482422,21.3799991607666,21.239999771118164,21.34000015258789,1331682
2023-12-01,17.774934768676758,21.5,21.5,21.229999542236328,21.309999465942383,5617230
2023-12-04,17.91547966003418,21.670000076293945,21.790000915527344,21.610000610351562,21.709999084472656,43609968
2023-12-05,17.783201217651367,21.510000228881836,21.6200008392334,21.459999084472656,21.6200008392334,39831210
2023-12-06,17.89894676208496,21.649999618530273,21.690000534057617,21.6200008392334,21.6299991607666,15771665
2023-12-07,17.83280372619629,21.56999969482422,21.649999618530273,21.559999465942383,21.639999389648438,26451635
2023-12-08,17.91547966003418,21.670000076293945,21.799999237060547,21.639999389648438,21.670000076293945,13085574
2023-12-11,18.047758102416992,21.829999923706055,21.850000381469727,21.780000686645508,21.790000915527344,26568394
2023-12-12,18.312314987182617,22.149999618530273,22.200000762939453,22.0,22.0,55964571
2023-12-13,18.37018585205078,22.219999313354492,22.299999237060547,22.18000030517578,22.299999237060547,56842705
2023-12-14,18.593406677246094,22.489999771118164,22.489999771118164,22.420000076293945,22.440000534057617,44223455
2023-12-15,18.64301300048828,22.549999237060547,22.65999984741211,22.510000228881836,22.6299991607666,67154035
2023-12-18,18.61745262145996,21.850000381469727,21.889999389648438,21.75,21.8799991607666,34079874
2023-12-19,18.464078903198242,21.670000076293945,21.829999923706055,21.579999923706055,21.809999465942383,23664793
2023-12-20,18.6685733795166,21.90999984741211,21.90999984741211,21.68000030517578,21.719999313354492,11121525
2023-12-21,18.68561553955078,21.93000030517578,21.950000762939453,21.610000610351562,21.709999084472656,8547016
2023-12-22,18.74526023864746,22.0,22.020000457763672,21.8700008392334,22.0,8935691
2023-12-25,18.64301109313965,21.8799991607666,22.040000915527344,21.8700008392334,22.030000686645508,10415107
2023-12-26,18.762298583984375,22.020000457763672,22.030000686645508,21.90999984741211,21.969999313354492,9144970
2023-12-27,18.85602378845215,22.1299991607666,22.15999984741211,22.049999237060547,22.049999237060547,9093707
2023-12-28,18.7537784576416,22.010000228881836,22.200000762939453,21.989999771118164,22.170000076293945,9372311
2023-12-29,18.821943283081055,22.09000015258789,22.110000610351562,21.979999542236328,22.020000457763672,5521492
2024-01-02,18.719696044921875,21.969999313354492,22.270000457763672,21.899999618530273,22.209999084472656,13183489
2024-01-03,18.47260093688965,21.68000030517578,21.8799991607666,21.670000076293945,21.8700008392334,19646432
2024-01-04,18.515201568603516,21.729999542236328,21.780000686645508,21.68000030517578,21.68000030517578,6910196
2024-01-05,18.464078903198242,21.670000076293945,21.860000610351562,21.65999984741211,21.799999237060547,8313594
2024-01-08,18.421476364135742,21.6200008392334,21.75,21.6200008392334,21.709999084472656,8491413
2024-01-09,18.285146713256836,21.459999084472656,21.690000534057617,21.43000030517578,21.690000534057617,12950184
2024-01-10,18.157339096069336,21.309999465942383,21.420000076293945,21.290000915527344,21.420000076293945,8342155
2024-01-11,18.26810646057129,21.440000534057617,21.450000762939453,21.360000610351562,21.360000610351562,5394264
2024-01-12,18.31070899963379,21.489999771118164,21.549999237060547,21.3700008392334,21.450000762939453,5394718
2024-01-16,18.29366683959961,21.469999313354492,21.6200008392334,21.450000762939453,21.6200008392334,8978094
2024-01-17,18.046571731567383,21.18000030517578,21.440000534057617,21.149999618530273,21.440000534057617,14150306
2024-01-18,18.02100944519043,21.149999618530273,21.219999313354492,21.0,21.18000030517578,8517063
2024-01-19,18.20846176147461,21.3700008392334,21.3700008392334,21.200000762939453,21.25,5692360
2024-01-22,18.33626937866211,21.520000457763672,21.540000915527344,21.459999084472656,21.479999542236328,5651063
2024-01-23,18.41295623779297,21.610000610351562,21.6299991607666,21.510000228881836,21.56999969482422,4001569
2024-01-24,18.45555877685547,21.65999984741211,21.709999084472656,21.639999389648438,21.639999389648438,4015500
2024-01-25,18.532245635986328,21.75,21.75,21.610000610351562,21.700000762939453,7675393
2024-01-26,18.259584426879883,21.43000030517578,21.75,21.40999984741211,21.75,11825312
2024-01-29,18.37035369873047,21.559999465942383,21.59000015258789,21.389999389648438,21.40999984741211,4161686
2024-01-30,18.353313446044922,21.540000915527344,21.610000610351562,21.5,21.600000381469727,3366400
2024-01-31,18.225502014160156,21.389999389648438,21.5,21.360000610351562,21.5,7435573
2024-02-01,18.29366683959961,21.469999313354492,21.489999771118164,21.399999618530273,21.399999618530273,4519553
2024-02-02,18.259584426879883,21.43000030517578,21.489999771118164,21.420000076293945,21.489999771118164,4695610
2024-02-05,18.242542266845703,21.40999984741211,21.420000076293945,21.229999542236328,21.360000610351562,4814761
2024-02-15,18.285146713256836,21.459999084472656,21.469999313354492,21.329999923706055,21.40999984741211,8937738
2024-02-16,18.34479331970215,21.530000686645508,21.549999237060547,21.420000076293945,21.510000228881836,5971460
2024-02-19,18.447038650512695,21.649999618530273,21.670000076293945,21.510000228881836,21.559999465942383,5850012
2024-02-20,18.6259708404541,21.860000610351562,21.8700008392334,21.690000534057617,21.690000534057617,8946567
2024-02-21,18.566328048706055,21.790000915527344,21.889999389648438,21.780000686645508,21.8700008392334,10226807
2024-02-22,18.821943283081055,22.09000015258789,22.100000381469727,21.860000610351562,21.860000610351562,11057333
2024-02-23,18.6685733795166,21.90999984741211,22.239999771118164,21.90999984741211,22.15999984741211,16212750
2024-02-26,18.719696044921875,21.969999313354492,21.979999542236328,21.8700008392334,21.899999618530273,8629444
2024-02-27,18.64301109313965,21.8799991607666,22.06999969482422,21.75,21.969999313354492,10588554
2024-02-29,18.719696044921875,21.969999313354492,22.010000228881836,21.829999923706055,21.8700008392334,6891783
2024-03-01,18.949752807617188,22.239999771118164,22.329999923706055,22.110000610351562,22.299999237060547,76045654
2024-03-04,19.094600677490234,22.40999984741211,22.5,22.280000686645508,22.5,83281637
2024-03-05,19.29909324645996,22.649999618530273,22.649999618530273,22.450000762939453,22.479999542236328,52237326
2024-03-06,19.324657440185547,22.68000030517578,22.790000915527344,22.540000915527344,22.6200008392334,79231230
2024-03-07,19.59731674194336,23.0,23.030000686645508,22.719999313354492,22.799999237060547,60367938
2024-03-08,19.614355087280273,23.020000457763672,23.479999542236328,22.920000076293945,23.25,89755502
2024-03-11,19.66547966003418,23.079999923706055,23.18000030517578,23.020000457763672,23.040000915527344,57825573
2024-03-12,20.193756103515625,23.700000762939453,23.700000762939453,23.190000534057617,23.219999313354492,74270964
2024-03-13,20.44085121154785,23.989999771118164,24.110000610351562,23.84000015258789,23.989999771118164,111392991
2024-03-14,20.1170711517334,23.610000610351562,24.049999237060547,23.549999237060547,24.030000686645508,111864519
2024-03-15,20.074466705322266,23.559999465942383,23.6299991607666,23.31999969482422,23.530000686645508,77970018
2024-03-18,20.19740867614746,23.0,23.010000228881836,22.850000381469727,23.0,41260534
2024-03-19,20.645263671875,23.510000228881836,23.540000915527344,22.940000534057617,22.979999542236328,43349705
2024-03-20,20.70673370361328,23.579999923706055,24.030000686645508,23.510000228881836,23.649999618530273,50827568
2024-03-21,20.84723663330078,23.739999771118164,23.899999618530273,23.6299991607666,23.860000610351562,38035844
2024-03-22,20.592575073242188,23.450000762939453,23.790000915527344,23.31999969482422,23.739999771118164,34371649
2024-03-25,20.5047607421875,23.350000381469727,23.540000915527344,23.280000686645508,23.450000762939453,19909450
2024-03-26,20.258878707885742,23.06999969482422,23.489999771118164,22.799999237060547,23.31999969482422,32755119
2024-03-27,20.539884567260742,23.389999389648438,23.450000762939453,23.030000686645508,23.049999237060547,14843303
2024-03-28,20.680389404296875,23.549999237060547,23.670000076293945,23.329999923706055,23.5,25616103
2024-03-29,20.671607971191406,23.540000915527344,23.68000030517578,23.399999618530273,23.68000030517578,11557000
2024-04-01,20.531103134155273,23.3799991607666,23.600000381469727,23.3799991607666,23.549999237060547,14420769
2024-04-02,20.689170837402344,23.559999465942383,23.579999923706055,23.389999389648438,23.389999389648438,16002027
2024-04-03,20.62769889831543,23.489999771118164,23.56999969482422,23.31999969482422,23.459999084472656,11947117
2024-04-08,20.645263671875,23.510000228881836,23.530000686645508,23.360000610351562,23.489999771118164,11948371
2024-04-09,20.71551513671875,23.59000015258789,23.6200008392334,23.5,23.510000228881836,13555051
2024-04-10,20.73307991027832,23.610000610351562,23.690000534057617,23.59000015258789,23.649999618530273,11236015
2024-04-11,20.689170837402344,23.559999465942383,23.579999923706055,23.389999389648438,23.549999237060547,9581116
2024-04-12,20.71551513671875,23.59000015258789,23.639999389648438,23.5,23.559999465942383,8618561
2024-04-15,20.56623077392578,23.420000076293945,23.489999771118164,23.31999969482422,23.489999771118164,12553945
2024-04-16,20.083248138427734,22.8700008392334,23.209999084472656,22.670000076293945,23.200000762939453,36981134
2024-04-17,20.258878707885742,23.06999969482422,23.110000610351562,22.8700008392334,22.8700008392334,10410376
2024-04-18,20.2237548828125,23.030000686645508,23.1200008392334,22.920000076293945,23.049999237060547,5002224
2024-04-19,19.890056610107422,22.649999618530273,22.93000030517578,22.299999237060547,22.93000030517578,27740182
2024-04-22,19.723207473754883,22.459999084472656,22.739999771118164,22.440000534057617,22.649999618530273,10968398
2024-04-23,19.88127326965332,22.639999389648438,22.739999771118164,22.459999084472656,22.6299991607666,4969440
2024-04-24,20.408161163330078,23.239999771118164,23.280000686645508,22.860000610351562,22.8700008392334,11854037
2024-04-25,20.34669303894043,23.170000076293945,23.18000030517578,23.030000686645508,23.079999923706055,7082856
2024-04-26,20.539884567260742,23.389999389648438,23.459999084472656,23.299999237060547,23.3799991607666,8923376
2024-04-29,20.891145706176758,23.790000915527344,23.850000381469727,23.6299991607666,23.670000076293945,22393408
2024-04-30,20.81211280822754,23.700000762939453,23.850000381469727,23.68000030517578,23.850000381469727,7917606
2024-05-02,20.820894241333008,23.709999084472656,23.760000228881836,23.559999465942383,23.670000076293945,7939034
2024-05-03,20.856019973754883,23.75,23.950000762939453,23.739999771118164,23.850000381469727,13195880
2024-05-06,21.137025833129883,24.06999969482422,24.149999618530273,23.940000534057617,23.950000762939453,21130912
2024-05-07,21.119464874267578,24.049999237060547,24.200000762939453,23.959999084472656,24.18000030517578,8472136
2024-05-08,21.014087677001953,23.93000030517578,24.010000228881836,23.8799991607666,23.950000762939453,10093439
2024-05-09,20.970176696777344,23.8799991607666,24.010000228881836,23.84000015258789,23.93000030517578,9490777
2024-05-10,21.198495864868164,24.139999389648438,24.15999984741211,23.889999389648438,23.889999389648438,13833859
2024-05-13,21.268747329711914,24.219999313354492,24.389999389648438,24.18000030517578,24.239999771118164,11443517
2024-05-14,21.470722198486328,24.450000762939453,24.520000457763672,24.239999771118164,24.260000228881836,15202654
2024-05-15,21.365345001220703,24.329999923706055,24.559999465942383,24.31999969482422,24.450000762939453,10084841
2024-05-16,21.637571334838867,24.639999389648438,24.690000534057617,24.459999084472656,24.459999084472656,14480163
2024-05-17,21.69904136657715,24.709999084472656,24.780000686645508,24.600000381469727,24.639999389648438,8493567
2024-05-20,21.75172996520996,24.770000457763672,24.889999389648438,24.579999923706055,24.75,9192234
2024-05-21,21.655132293701172,24.65999984741211,24.770000457763672,24.549999237060547,24.760000228881836,7289717
2024-05-22,21.953702926635742,25.0,25.020000457763672,24.649999618530273,24.649999618530273,8909669
2024-05-23,21.874671936035156,24.90999984741211,25.049999237060547,24.809999465942383,25.030000686645508,9212914
2024-05-24,22.015172958374023,25.06999969482422,25.09000015258789,24.81999969482422,24.850000381469727,9370748
2024-05-27,22.392778396606445,25.5,25.559999465942383,25.200000762939453,25.200000762939453,11695876
2024-05-28,22.401561737060547,25.510000228881836,25.600000381469727,25.450000762939453,25.600000381469727,13139328
2024-05-29,22.29618263244629,25.389999389648438,25.579999923706055,25.3700008392334,25.56999969482422,16011295
2024-05-30,22.111772537231445,25.18000030517578,25.280000686645508,25.010000228881836,25.149999618530273,15522736
2024-05-31,22.023956298828125,25.079999923706055,25.420000076293945,25.079999923706055,25.239999771118164,18424401
2024-06-03,22.304964065551758,25.399999618530273,25.59000015258789,25.270000457763672,25.510000228881836,66433620
2024-06-04,22.146894454956055,25.219999313354492,25.360000610351562,25.200000762939453,25.360000610351562,70719828
2024-06-05,22.182022094726562,25.260000228881836,25.399999618530273,25.209999084472656,25.3799991607666,45518179
2024-06-06,22.217145919799805,25.299999237060547,25.5,25.239999771118164,25.469999313354492,48951386
2024-06-07,22.313743591308594,25.40999984741211,25.43000030517578,25.309999465942383,25.360000610351562,36377660
2024-06-11,22.111772537231445,25.18000030517578,25.459999084472656,25.18000030517578,25.40999984741211,104487903
2024-06-12,22.12055206298828,25.190000534057617,25.260000228881836,25.1200008392334,25.219999313354492,56781676
2024-06-13,22.34886932373047,25.450000762939453,25.520000457763672,25.350000381469727,25.360000610351562,43977396
2024-06-14,22.559627532958984,25.690000534057617,25.700000762939453,25.459999084472656,25.549999237060547,48705036
2024-06-17,22.72647476196289,25.8799991607666,25.940000534057617,25.700000762939453,25.729999542236328,87251710
2024-06-18,22.93722915649414,26.1200008392334,26.1299991607666,26.0,26.0,84347173
2024-06-19,23.154644012451172,25.559999465942383,25.6299991607666,25.450000762939453,25.479999542236328,69178213
2024-06-20,23.390174865722656,25.81999969482422,25.81999969482422,25.540000915527344,25.549999237060547,45590079
2024-06-21,23.272411346435547,25.690000534057617,25.75,25.559999465942383,25.700000762939453,38070347
2024-06-24,22.973464965820312,25.360000610351562,25.600000381469727,25.329999923706055,25.600000381469727,34339164
2024-06-25,22.964406967163086,25.350000381469727,25.3799991607666,25.049999237060547,25.329999923706055,23174518
2024-06-26,23.00969886779785,25.399999618530273,25.5,25.270000457763672,25.43000030517578,12537320
2024-06-27,22.928171157836914,25.309999465942383,25.3700008392334,25.1200008392334,25.219999313354492,16588165
2024-06-28,23.02781867980957,25.420000076293945,25.5,25.34000015258789,25.3799991607666,10558059
2024-07-01,23.100290298461914,25.5,25.610000610351562,25.420000076293945,25.479999542236328,22771460
2024-07-02,22.9009952545166,25.280000686645508,25.479999542236328,25.200000762939453,25.469999313354492,21841593
2024-07-03,22.891935348510742,25.270000457763672,25.540000915527344,25.260000228881836,25.479999542236328,12433306
2024-07-04,22.955347061157227,25.34000015258789,25.440000534057617,25.329999923706055,25.43000030517578,16132247
2024-07-05,22.973464965820312,25.360000610351562,25.530000686645508,25.350000381469727,25.40999984741211,17430957
2024-07-08,22.9915828704834,25.3799991607666,25.469999313354492,25.239999771118164,25.329999923706055,22456351
2024-07-09,22.955347061157227,25.34000015258789,25.59000015258789,25.290000915527344,25.469999313354492,21610872
2024-07-10,23.091232299804688,25.489999771118164,25.520000457763672,25.399999618530273,25.469999313354492,16282550
2024-07-11,23.082172393798828,25.479999542236328,25.65999984741211,25.479999542236328,25.549999237060547,16492320
2024-07-12,22.973464965820312,25.360000610351562,25.420000076293945,25.329999923706055,25.350000381469727,12109211
2024-07-15,22.910053253173828,25.290000915527344,25.450000762939453,25.229999542236328,25.420000076293945,16969290
2024-07-16,22.93722915649414,25.31999969482422,25.43000030517578,25.299999237060547,25.3700008392334,8969762
2024-07-17,22.8194637298584,25.190000534057617,25.399999618530273,25.15999984741211,25.389999389648438,21924722
2024-07-18,22.66546058654785,25.020000457763672,25.049999237060547,24.799999237060547,25.049999237060547,28638396
2024-07-19,22.28498649597168,24.600000381469727,24.979999542236328,24.559999465942383,24.979999542236328,35912943
2024-07-22,21.84109878540039,24.110000610351562,24.579999923706055,23.8799991607666,24.579999923706055,38763947
2024-07-23,22.076631546020508,24.3700008392334,24.389999389648438,24.200000762939453,24.200000762939453,12535464
2024-07-26,21.714271545410156,23.969999313354492,24.020000457763672,23.709999084472656,24.0,19958108
2024-07-29,21.560272216796875,23.799999237060547,24.299999237060547,23.790000915527344,24.299999237060547,16294137
2024-07-30,21.524036407470703,23.760000228881836,23.760000228881836,23.389999389648438,23.690000534057617,17391735
2024-07-31,21.62368392944336,23.8700008392334,23.979999542236328,23.59000015258789,23.68000030517578,6849604
2024-08-01,22.158159255981445,24.459999084472656,24.479999542236328,24.15999984741211,24.239999771118164,9890481
2024-08-02,21.596506118774414,23.84000015258789,24.110000610351562,23.829999923706055,24.030000686645508,18667711
2024-08-05,20.002134323120117,22.079999923706055,22.8700008392334,22.0,22.829999923706055,39086511
2024-08-06,20.400726318359375,22.520000457763672,22.989999771118164,21.65999984741211,22.540000915527344,26368128
2024-08-07,21.071088790893555,23.260000228881836,23.329999923706055,22.479999542236328,22.549999237060547,13541580
2024-08-08,20.889909744262695,23.059999465942383,23.219999313354492,22.889999389648438,23.020000457763672,9450606
2024-08-09,21.26132583618164,23.469999313354492,23.690000534057617,23.399999618530273,23.579999923706055,9479280
2024-08-12,21.641801834106445,23.889999389648438,23.940000534057617,23.670000076293945,23.700000762939453,6202225
2024-08-13,21.723331451416016,23.979999542236328,24.09000015258789,23.8799991607666,23.979999542236328,5980590
2024-08-14,21.949806213378906,24.229999542236328,24.350000381469727,24.1200008392334,24.200000762939453,7790566
2024-08-15,21.88639259338379,24.15999984741211,24.3700008392334,24.149999618530273,24.350000381469727,5368718
2024-08-16,22.158159255981445,24.459999084472656,24.549999237060547,24.389999389648438,24.43000030517578,7689332
2024-08-19,22.176279067993164,24.479999542236328,24.6299991607666,24.459999084472656,24.549999237060547,7044679
2024-08-20,22.294044494628906,24.610000610351562,24.709999084472656,24.610000610351562,24.700000762939453,6615328
2024-08-21,22.20345687866211,24.510000228881836,24.600000381469727,24.459999084472656,24.600000381469727,8079857
2024-08-22,22.185338973999023,24.489999771118164,24.600000381469727,24.459999084472656,24.549999237060547,7369590
2024-08-23,22.2578067779541,24.56999969482422,24.579999923706055,24.299999237060547,24.450000762939453,10344332
2024-08-26,22.357460021972656,24.68000030517578,24.940000534057617,24.6299991607666,24.75,9905925
2024-08-27,22.266868591308594,24.579999923706055,24.6200008392334,24.459999084472656,24.600000381469727,10751247
2024-08-28,22.303104400634766,24.6200008392334,24.690000534057617,24.489999771118164,24.649999618530273,9189257
2024-08-29,22.266868591308594,24.579999923706055,24.649999618530273,24.420000076293945,24.510000228881836,11630974
2024-08-30,22.27592658996582,24.59000015258789,24.729999542236328,24.59000015258789,24.670000076293945,10767956
2024-09-02,22.330278396606445,24.649999618530273,24.829999923706055,24.6299991607666,24.81999969482422,28788406
2024-09-03,22.348398208618164,24.670000076293945,24.760000228881836,24.649999618530273,24.75,57841086
2024-09-04,21.70521354675293,23.959999084472656,24.18000030517578,23.520000457763672,24.0,104427871
2024-09-05,21.668977737426758,23.920000076293945,24.239999771118164,23.8799991607666,24.09000015258789,36660469
2024-09-06,21.80486297607422,24.06999969482422,24.139999389648438,23.799999237060547,24.06999969482422,30985590
2024-09-09,21.714271545410156,23.969999313354492,24.0,23.56999969482422,23.670000076293945,43743840
2024-09-10,21.560272216796875,23.799999237060547,24.100000381469727,23.75,24.100000381469727,36956563
2024-09-11,21.578388214111328,23.81999969482422,23.950000762939453,23.790000915527344,23.899999618530273,20158026
2024-09-12,21.92262840270996,24.200000762939453,24.280000686645508,24.079999923706055,24.15999984741211,20364946
2024-09-13,21.986040115356445,24.270000457763672,24.350000381469727,24.209999084472656,24.34000015258789,26406518
2024-09-16,22.031333923339844,24.31999969482422,24.399999618530273,24.270000457763672,24.389999389648438,47529668
2024-09-18,22.004159927368164,24.290000915527344,24.420000076293945,24.280000686645508,24.389999389648438,55930693
2024-09-19,22.13519287109375,23.649999618530273,23.739999771118164,23.530000686645508,23.600000381469727,30901678
2024-09-20,22.191349029541016,23.709999084472656,23.8799991607666,23.700000762939453,23.799999237060547,22537858
2024-09-23,22.284944534301758,23.809999465942383,23.850000381469727,23.770000457763672,23.850000381469727,10418927
2024-09-24,22.3785400390625,23.90999984741211,23.920000076293945,23.729999542236328,23.809999465942383,10803802
2024-09-25,22.55636978149414,24.100000381469727,24.1299991607666,23.989999771118164,23.989999771118164,15976930
2024-09-26,22.509572982788086,24.049999237060547,24.219999313354492,24.030000686645508,24.170000076293945,18274607
2024-09-27,22.55636978149414,24.100000381469727,24.18000030517578,24.049999237060547,24.1299991607666,12271244
2024-09-30,22.350460052490234,23.8799991607666,24.09000015258789,23.860000610351562,24.09000015258789,18733417
2024-10-01,22.341100692749023,23.8700008392334,23.950000762939453,23.809999465942383,23.8799991607666,9895478
2024-10-04,22.041597366333008,23.549999237060547,23.75,23.530000686645508,23.610000610351562,32617394
2024-10-07,22.172630310058594,23.690000534057617,23.809999465942383,23.56999969482422,23.56999969482422,10915003
2024-10-08,22.05095672607422,23.559999465942383,23.6299991607666,23.479999542236328,23.6200008392334,16965824
2024-10-09,22.107114791870117,23.6200008392334,23.770000457763672,23.610000610351562,23.68000030517578,7657841
2024-10-11,22.228788375854492,23.75,23.850000381469727,23.68000030517578,23.68000030517578,8609410
2024-10-14,22.31302261352539,23.84000015258789,23.899999618530273,23.75,23.899999618530273,8407921
2024-10-15,22.490854263305664,24.030000686645508,24.079999923706055,23.8799991607666,23.8799991607666,17030668
2024-10-16,22.4627742767334,24.0,24.06999969482422,23.829999923706055,23.899999618530273,10829399
2024-10-17,22.724842071533203,24.280000686645508,24.299999237060547,24.079999923706055,24.079999923706055,16901660
2024-10-18,22.724842071533203,24.280000686645508,24.450000762939453,24.260000228881836,24.3700008392334,18917404
2024-10-21,22.74355697631836,24.299999237060547,24.440000534057617,24.280000686645508,24.350000381469727,8025721
2024-10-22,22.893310546875,24.459999084472656,24.479999542236328,24.229999542236328,24.299999237060547,15125783
2024-10-23,22.82779312133789,24.389999389648438,24.479999542236328,24.31999969482422,24.479999542236328,9482395
2024-10-24,22.687402725219727,24.239999771118164,24.31999969482422,24.209999084472656,24.299999237060547,12030264
2024-10-25,22.752918243408203,24.309999465942383,24.34000015258789,24.270000457763672,24.290000915527344,5145154
2024-10-28,22.752918243408203,24.309999465942383,24.43000030517578,24.25,24.3700008392334,7134662
2024-10-29,22.509572982788086,24.049999237060547,24.25,23.959999084472656,24.25,21855330
2024-10-30,22.490854263305664,24.030000686645508,24.170000076293945,23.989999771118164,24.100000381469727,8181507
2024-11-01,22.509572982788086,24.049999237060547,24.100000381469727,23.5,23.700000762939453,18206100
2024-11-04,22.584447860717773,24.1299991607666,24.149999618530273,23.950000762939453,24.100000381469727,13021865
2024-11-05,22.64996337890625,24.200000762939453,24.280000686645508,24.040000915527344,24.1299991607666,8893967
2024-11-06,22.64996337890625,24.200000762939453,24.31999969482422,24.18000030517578,24.219999313354492,7834475
2024-11-07,22.855873107910156,24.420000076293945,24.469999313354492,24.149999618530273,24.200000762939453,11191434
2024-11-08,22.893310546875,24.459999084472656,24.6200008392334,24.40999984741211,24.479999542236328,16341670
2024-11-11,22.912031173706055,24.479999542236328,24.5,24.299999237060547,24.459999084472656,8823966
2024-11-12,22.687402725219727,24.239999771118164,24.43000030517578,24.239999771118164,24.34000015258789,11556373
2024-11-13,22.82779312133789,24.389999389648438,24.450000762939453,24.18000030517578,24.239999771118164,9534450
2024-11-14,22.71548080444336,24.270000457763672,24.420000076293945,24.229999542236328,24.389999389648438,12336240
2024-11-15,22.74355697631836,24.299999237060547,24.43000030517578,24.260000228881836,24.34000015258789,9224213
2024-11-18,22.63124656677246,24.18000030517578,24.350000381469727,24.15999984741211,24.299999237060547,9781612
2024-11-19,22.790355682373047,24.350000381469727,24.40999984741211,24.200000762939453,24.280000686645508,7768639
2024-11-20,22.818435668945312,24.3799991607666,24.3799991607666,24.3799991607666,24.3799991607666,34000
2024-11-21,22.771638870239258,24.329999923706055,24.389999389648438,24.239999771118164,24.290000915527344,10795627
2024-11-22,22.818435668945312,24.3799991607666,24.489999771118164,24.360000610351562,24.360000610351562,8578705
2024-11-25,22.8371524810791,24.399999618530273,24.56999969482422,24.389999389648438,24.5,7900498
2024-11-26,22.79971694946289,24.360000610351562,24.459999084472656,24.200000762939453,24.329999923706055,11467603
2024-11-27,22.4627742767334,24.0,24.350000381469727,23.979999542236328,24.350000381469727,31158789
2024-11-28,22.275585174560547,23.799999237060547,24.0,23.75,24.0,25933498
2024-11-29,22.387897491455078,23.920000076293945,23.979999542236328,23.639999389648438,23.799999237060547,12111652
2024-12-02,22.724842071533203,24.280000686645508,24.280000686645508,24.139999389648438,24.15999984741211,44094673
2024-12-03,22.90266990661621,24.469999313354492,24.59000015258789,24.360000610351562,24.559999465942383,79135139
2024-12-04,22.893310546875,24.459999084472656,24.530000686645508,24.350000381469727,24.520000457763672,71399568
2024-12-05,22.940109252929688,24.510000228881836,24.600000381469727,24.510000228881836,24.510000228881836,47395013
2024-12-06,22.9775447845459,24.549999237060547,24.65999984741211,24.510000228881836,24.549999237060547,44358755
2024-12-09,23.07114028930664,24.649999618530273,24.719999313354492,24.579999923706055,24.649999618530273,45151797
2024-12-10,22.912031173706055,24.479999542236328,24.719999313354492,24.479999542236328,24.68000030517578,81470311
2024-12-11,22.734201431274414,24.290000915527344,24.440000534057617,24.270000457763672,24.440000534057617,88481029
2024-12-12,22.762277603149414,24.31999969482422,24.469999313354492,24.290000915527344,24.469999313354492,53355255
2024-12-13,22.63124656677246,24.18000030517578,24.309999465942383,24.110000610351562,24.309999465942383,76633584
2024-12-16,22.4627742767334,24.0,24.350000381469727,24.0,24.350000381469727,103917895
2024-12-17,22.48149299621582,24.020000457763672,24.040000915527344,23.959999084472656,24.0,84876915
2024-12-18,22.55636978149414,24.100000381469727,24.100000381469727,23.959999084472656,24.0,104749850
2024-12-19,22.32362937927246,23.020000457763672,23.1200008392334,22.899999618530273,23.1200008392334,103781165
2024-12-20,22.2751407623291,22.969999313354492,23.049999237060547,22.8799991607666,22.979999542236328,42184940
2024-12-23,22.459394454956055,23.15999984741211,23.219999313354492,23.059999465942383,23.1299991607666,16323627
2024-12-24,22.55636978149414,23.260000228881836,23.31999969482422,23.229999542236328,23.229999542236328,14726568
2024-12-25,22.57576560974121,23.280000686645508,23.3700008392334,23.25,23.31999969482422,9669031
2024-12-26,22.57576560974121,23.280000686645508,23.34000015258789,23.219999313354492,23.31999969482422,9405995
2024-12-27,22.52727699279785,23.229999542236328,23.290000915527344,23.219999313354492,23.280000686645508,10520501
2024-12-30,22.40121078491211,23.100000381469727,23.260000228881836,23.100000381469727,23.200000762939453,18585862
2024-12-31,22.35272216796875,23.049999237060547,23.079999923706055,22.979999542236328,23.079999923706055,18493076
2025-01-02,22.35272216796875,23.049999237060547,23.110000610351562,22.979999542236328,23.040000915527344,16951454
2025-01-03,22.304235458374023,23.0,23.1299991607666,23.0,23.079999923706055,17380167
2025-01-06,22.36241912841797,23.059999465942383,23.139999389648438,23.059999465942383,23.06999969482422,15539964
2025-01-07,22.333328247070312,23.030000686645508,23.1299991607666,23.020000457763672,23.1299991607666,18620701
2025-01-08,22.34302520751953,23.040000915527344,23.059999465942383,23.0,23.010000228881836,11508425
2025-01-09,21.993915557861328,22.68000030517578,23.040000915527344,22.68000030517578,23.040000915527344,67943855
2025-01-10,21.848453521728516,22.530000686645508,22.649999618530273,22.459999084472656,22.600000381469727,40784078
2025-01-13,21.479948043823242,22.149999618530273,22.450000762939453,22.100000381469727,22.450000762939453,47819184
2025-01-14,21.625410079956055,22.299999237060547,22.31999969482422,22.149999618530273,22.149999618530273,14882102
2025-01-15,21.547828674316406,22.219999313354492,22.3799991607666,22.200000762939453,22.3700008392334,16446339
2025-01-16,21.644804000854492,22.31999969482422,22.5,22.309999465942383,22.450000762939453,17626150
2025-01-17,21.73208236694336,22.40999984741211,22.5,22.329999923706055,22.329999923706055,12934896
2025-01-20,21.790266036987305,22.469999313354492,22.5,22.43000030517578,22.459999084472656,11840268
2025-01-21,21.858150482177734,22.540000915527344,22.579999923706055,22.450000762939453,22.459999084472656,9627271
2025-01-22,21.88724136352539,22.56999969482422,22.56999969482422,22.479999542236328,22.549999237060547,12293399
2025-02-03,21.73208236694336,22.40999984741211,22.540000915527344,22.219999313354492,22.239999771118164,28359398
2025-02-04,21.635107040405273,22.309999465942383,22.530000686645508,22.299999237060547,22.450000762939453,23727626
2025-02-05,21.829057693481445,22.510000228881836,22.6200008392334,22.440000534057617,22.440000534057617,12171595
2025-02-06,21.819360733032227,22.5,22.559999465942383,22.459999084472656,22.540000915527344,18560503
2025-02-07,21.877544403076172,22.559999465942383,22.56999969482422,22.5,22.540000915527344,9356497
2025-02-10,21.819360733032227,22.5,22.520000457763672,22.450000762939453,22.520000457763672,13983013
2025-02-11,21.867847442626953,22.549999237060547,22.6299991607666,22.510000228881836,22.56999969482422,11005632
2025-02-12,21.88724136352539,22.56999969482422,22.68000030517578,22.549999237060547,22.610000610351562,10840633
2025-02-13,22.11028480529785,22.799999237060547,22.81999969482422,22.549999237060547,22.59000015258789,12257265
2025-02-14,22.061798095703125,22.75,22.8700008392334,22.739999771118164,22.799999237060547,15557684
2025-02-17,22.226654052734375,22.920000076293945,22.940000534057617,22.81999969482422,22.829999923706055,13335680
2025-02-18,22.265443801879883,22.959999084472656,23.0,22.90999984741211,22.989999771118164,13606635
2025-02-19,22.34302520751953,23.040000915527344,23.139999389648438,23.020000457763672,23.040000915527344,18987922
2025-02-20,22.420604705810547,23.1200008392334,23.18000030517578,23.059999465942383,23.100000381469727,16316308
2025-02-21,22.56606674194336,23.270000457763672,23.290000915527344,23.149999618530273,23.149999618530273,22245126
2025-02-24,22.653345108032227,23.360000610351562,23.3700008392334,23.18000030517578,23.190000534057617,20216964
2025-02-25,22.604856491088867,23.309999465942383,23.389999389648438,23.219999313354492,23.260000228881836,23859311
2025-02-26,22.633949279785156,23.34000015258789,23.350000381469727,23.190000534057617,23.309999465942383,22531957
2025-02-27,22.50788116455078,23.209999084472656,23.40999984741211,23.200000762939453,23.3700008392334,31739130
2025-03-03,22.449697494506836,23.149999618530273,23.200000762939453,23.059999465942383,23.18000030517578,35843006
2025-03-04,22.517578125,23.219999313354492,23.260000228881836,22.920000076293945,22.969999313354492,41155470
2025-03-05,22.643648147583008,23.350000381469727,23.420000076293945,23.209999084472656,23.299999237060547,28272695
2025-03-06,22.692134857177734,23.399999618530273,23.450000762939453,23.389999389648438,23.440000534057617,22578655
2025-03-07,22.692134857177734,23.399999618530273,23.459999084472656,23.350000381469727,23.3799991607666,19402222
2025-03-10,22.682435989379883,23.389999389648438,23.450000762939453,23.309999465942383,23.450000762939453,26646397
2025-03-11,22.50788116455078,23.209999084472656,23.270000457763672,22.979999542236328,23.030000686645508,53128301
2025-03-12,22.488487243652344,23.190000534057617,23.280000686645508,23.149999618530273,23.219999313354492,23161358
2025-03-13,22.35272216796875,23.049999237060547,23.360000610351562,23.049999237060547,23.31999969482422,32296536
2025-03-14,22.284839630126953,22.979999542236328,23.059999465942383,22.950000762939453,23.059999465942383,48438358
2025-03-17,22.32362937927246,23.020000457763672,23.1200008392334,23.0,23.110000610351562,34041993
2025-03-18,22.52727699279785,23.229999542236328,23.239999771118164,23.149999618530273,23.15999984741211,37840200
2025-03-19,22.439998626708984,23.139999389648438,23.299999237060547,23.100000381469727,23.239999771118164,67577022
2025-03-20,22.549999237060547,22.549999237060547,22.610000610351562,22.5,22.579999923706055,49485227
2025-03-21,22.530000686645508,22.530000686645508,22.549999237060547,22.489999771118164,22.540000915527344,20136781
2025-03-24,22.489999771118164,22.489999771118164,22.59000015258789,22.469999313354492,22.59000015258789,27625496
2025-03-25,22.450000762939453,22.450000762939453,22.6200008392334,22.420000076293945,22.530000686645508,19099810
2025-03-26,22.510000228881836,22.510000228881836,22.579999923706055,22.489999771118164,22.520000457763672,8748758
2025-03-27,22.40999984741211,22.40999984741211,22.40999984741211,22.360000610351562,22.399999618530273,24363333
2025-03-28,22.270000457763672,22.270000457763672,22.360000610351562,22.200000762939453,22.360000610351562,30265936
2025-03-31,21.670000076293945,21.670000076293945,21.90999984741211,21.649999618530273,21.889999389648438,60148532
2025-04-01,21.969999313354492,21.969999313354492,21.979999542236328,21.760000228881836,21.760000228881836,16924087
2025-04-02,22.0,22.0,22.020000457763672,21.920000076293945,21.989999771118164,13997974
2025-04-07,19.799999237060547,19.799999237060547,19.799999237060547,19.799999237060547,19.799999237060547,14563122
2025-04-08,18.989999771118164,18.989999771118164,19.200000762939453,17.850000381469727,17.850000381469727,93747435
2025-04-09,17.850000381469727,17.850000381469727,19.0,17.790000915527344,18.90999984741211,68484128
2025-04-10,19.6299991607666,19.6299991607666,19.6299991607666,19.6299991607666,19.6299991607666,9734668
2025-04-11,20.170000076293945,20.170000076293945,20.170000076293945,18.899999618530273,19.229999542236328,46895876
2025-04-14,20.360000610351562,20.360000610351562,21.0,20.329999923706055,20.329999923706055,27512748
2025-04-15,20.68000030517578,20.68000030517578,20.729999542236328,20.43000030517578,20.469999313354492,12865222
2025-04-16,20.469999313354492,20.469999313354492,20.6200008392334,20.450000762939453,20.520000457763672,15886267
2025-04-17,20.420000076293945,20.420000076293945,20.520000457763672,20.239999771118164,20.3799991607666,11773996
2025-04-18,20.440000534057617,20.440000534057617,20.5,20.389999389648438,20.5,5950932
2025-04-21,20.200000762939453,20.200000762939453,20.43000030517578,20.190000534057617,20.43000030517578,14506618
2025-04-22,19.959999084472656,19.959999084472656,20.15999984741211,19.959999084472656,20.0,16156560
2025-04-23,20.43000030517578,20.43000030517578,20.469999313354492,20.290000915527344,20.34000015258789,12264921
2025-04-24,20.3799991607666,20.3799991607666,20.489999771118164,20.360000610351562,20.479999542236328,8550160
2025-04-25,20.68000030517578,20.68000030517578,20.739999771118164,20.6299991607666,20.639999389648438,10920194
2025-04-28,20.809999465942383,20.809999465942383,20.829999923706055,20.690000534057617,20.75,9442131
2025-04-29,20.940000534057617,20.940000534057617,20.959999084472656,20.799999237060547,20.809999465942383,7597510
2025-04-30,20.889999389648438,20.889999389648438,21.020000457763672,20.860000610351562,20.950000762939453,7334350
2025-05-02,21.170000076293945,21.170000076293945,21.18000030517578,21.030000686645508,21.030000686645508,9811242
2025-05-05,20.969999313354492,20.969999313354492,21.219999313354492,20.780000686645508,21.209999084472656,19035572
2025-05-06,21.079999923706055,21.079999923706055,21.15999984741211,20.81999969482422,20.920000076293945,15273836
2025-05-07,21.100000381469727,21.100000381469727,21.239999771118164,21.06999969482422,21.18000030517578,9622136
2025-05-08,21.25,21.25,21.270000457763672,21.1299991607666,21.149999618530273,6883943
2025-05-09,21.43000030517578,21.43000030517578,21.450000762939453,21.270000457763672,21.270000457763672,7581688
2025-05-12,21.65999984741211,21.65999984741211,21.670000076293945,21.5,21.5,8923686
2025-05-13,21.959999084472656,21.959999084472656,22.040000915527344,21.920000076293945,21.979999542236328,13029412
2025-05-14,22.25,22.25,22.25,22.110000610351562,22.1200008392334,12993249
2025-05-15,22.309999465942383,22.309999465942383,22.350000381469727,22.239999771118164,22.270000457763672,11434019
2025-05-16,22.56999969482422,22.56999969482422,22.6299991607666,22.329999923706055,22.329999923706055,20881644
2025-05-19,22.350000381469727,22.350000381469727,22.559999465942383,22.350000381469727,22.530000686645508,16519854
2025-05-20,22.360000610351562,22.360000610351562,22.489999771118164,22.329999923706055,22.489999771118164,9269267
2025-05-21,22.540000915527344,22.540000915527344,22.549999237060547,22.3700008392334,22.3700008392334,10681046
2025-05-22,22.479999542236328,22.479999542236328,22.510000228881836,22.329999923706055,22.450000762939453,9302090
2025-05-23,22.350000381469727,22.350000381469727,22.510000228881836,22.309999465942383,22.5,13580750
2025-05-26,22.209999084472656,22.209999084472656,22.389999389648438,22.209999084472656,22.31999969482422,13578845
2025-05-27,22.030000686645508,22.030000686645508,22.229999542236328,22.020000457763672,22.219999313354492,14836949
2025-05-28,22.079999923706055,22.079999923706055,22.25,22.0,22.25,10721088
2025-05-29,22.200000762939453,22.200000762939453,22.309999465942383,22.15999984741211,22.309999465942383,9979666
2025-06-02,21.850000381469727,21.850000381469727,22.079999923706055,21.829999923706055,22.079999923706055,47680716
2025-06-03,21.989999771118164,21.989999771118164,22.09000015258789,21.920000076293945,22.030000686645508,35631587
2025-06-04,22.1299991607666,22.1299991607666,22.219999313354492,22.110000610351562,22.15999984741211,21046760
2025-06-05,22.0,22.0,22.139999389648438,21.969999313354492,22.1299991607666,22561272
2025-06-06,21.989999771118164,21.989999771118164,22.100000381469727,21.969999313354492,22.040000915527344,28038624
2025-06-09,22.059999465942383,22.059999465942383,22.110000610351562,22.030000686645508,22.100000381469727,16253253
2025-06-10,22.280000686645508,22.280000686645508,22.31999969482422,22.1299991607666,22.1299991607666,19378593
