,etf_id,date,adj_close,close,high,low,open,volume
0,00928.TWO,2023-05-17,,,,,,
1,00928.TWO,2023-05-18,,,,,,
2,00928.TWO,2023-05-19,,,,,,
3,00928.TWO,2023-05-22,,,,,,
4,00928.TWO,2023-05-23,,,,,,
5,00928.TWO,2023-05-24,13.300278663635254,15.010000228881836,15.020000457763672,14.979999542236328,15.0,24379619.0
6,00928.TWO,2023-05-25,13.247113227844238,14.949999809265137,15.029999732971191,14.899999618530273,15.010000228881836,5275273.0
7,00928.TWO,2023-05-26,13.335722923278809,15.050000190734863,15.069999694824219,15.0,15.020000457763672,9200123.0
8,00928.TWO,2023-05-29,13.504080772399902,15.239999771118164,15.329999923706055,15.140000343322754,15.149999618530273,5235000.0
9,00928.TWO,2023-05-30,13.450915336608887,15.180000305175781,15.270000457763672,15.15999984741211,15.239999771118164,2653000.0
10,00928.TWO,2023-05-31,13.450915336608887,15.180000305175781,15.270000457763672,15.15999984741211,15.180000305175781,2815000.0
11,00928.TWO,2023-06-01,13.44205379486084,15.170000076293945,15.210000038146973,15.100000381469727,15.210000038146973,1798000.0
12,00928.TWO,2023-06-02,13.548384666442871,15.289999961853027,15.329999923706055,15.239999771118164,15.239999771118164,1709000.0
13,00928.TWO,2023-06-05,13.690160751342773,15.449999809265137,15.489999771118164,15.350000381469727,15.350000381469727,1482000.0
14,00928.TWO,2023-06-06,13.636994361877441,15.390000343322754,15.5,15.34000015258789,15.5,1299000.0
15,00928.TWO,2023-06-07,13.823075294494629,15.600000381469727,15.600000381469727,15.449999809265137,15.470000267028809,1861000.0
16,00928.TWO,2023-06-08,13.557246208190918,15.300000190734863,15.65999984741211,15.300000190734863,15.65999984741211,2063000.0
17,00928.TWO,2023-06-09,13.716742515563965,15.479999542236328,15.489999771118164,15.390000343322754,15.390000343322754,1596000.0
18,00928.TWO,2023-06-12,13.68129825592041,15.4399995803833,15.529999732971191,15.4399995803833,15.479999542236328,1900000.0
19,00928.TWO,2023-06-13,13.92940616607666,15.720000267028809,15.75,15.640000343322754,15.640000343322754,1642000.0
20,00928.TWO,2023-06-14,13.885101318359375,15.670000076293945,15.760000228881836,15.630000114440918,15.720000267028809,1483000.0
21,00928.TWO,2023-06-15,13.955987930297852,15.75,15.779999732971191,15.680000305175781,15.779999732971191,1043000.0
22,00928.TWO,2023-06-16,13.902822494506836,15.6899995803833,15.789999961853027,15.670000076293945,15.770000457763672,666000.0
23,00928.TWO,2023-06-19,13.858518600463867,15.640000343322754,15.710000038146973,15.609999656677246,15.649999618530273,1090000.0
24,00928.TWO,2023-06-20,13.787631034851074,15.5600004196167,15.65999984741211,15.5,15.65999984741211,1079000.0
25,00928.TWO,2023-06-21,13.734464645385742,15.5,15.600000381469727,15.470000267028809,15.569999694824219,507000.0
26,00928.TWO,2023-06-26,13.521801948547363,15.260000228881836,15.34000015258789,15.199999809265137,15.3100004196167,1701000.0
27,00928.TWO,2023-06-27,13.504080772399902,15.239999771118164,15.40999984741211,15.220000267028809,15.260000228881836,590000.0
28,00928.TWO,2023-06-28,13.574967384338379,15.319999694824219,15.40999984741211,15.260000228881836,15.399999618530273,979000.0
29,00928.TWO,2023-06-29,13.645855903625488,15.399999618530273,15.449999809265137,15.350000381469727,15.359999656677246,552000.0
30,00928.TWO,2023-06-30,13.76104736328125,15.529999732971191,15.550000190734863,15.390000343322754,15.4399995803833,988000.0
31,00928.TWO,2023-07-03,13.840795516967773,15.619999885559082,15.640000343322754,15.569999694824219,15.600000381469727,707000.0
32,00928.TWO,2023-07-04,13.849658012390137,15.630000114440918,15.65999984741211,15.579999923706055,15.649999618530273,1264000.0
33,00928.TWO,2023-07-05,13.849658012390137,15.630000114440918,15.6899995803833,15.609999656677246,15.6899995803833,913000.0
34,00928.TWO,2023-07-06,13.743326187133789,15.510000228881836,15.680000305175781,15.479999542236328,15.569999694824219,824000.0
35,00928.TWO,2023-07-07,13.521801948547363,15.260000228881836,15.420000076293945,15.149999618530273,15.420000076293945,1166000.0
36,00928.TWO,2023-07-10,13.468636512756348,15.199999809265137,15.350000381469727,15.180000305175781,15.329999923706055,585000.0
37,00928.TWO,2023-07-11,13.61927318572998,15.369999885559082,15.369999885559082,15.300000190734863,15.3100004196167,908000.0
38,00928.TWO,2023-07-12,13.734464645385742,15.5,15.539999961853027,15.369999885559082,15.40999984741211,1290000.0
39,00928.TWO,2023-07-13,13.778770446777344,15.550000190734863,15.729999542236328,15.550000190734863,15.699999809265137,1962000.0
40,00928.TWO,2023-07-14,13.902822494506836,15.6899995803833,15.720000267028809,15.600000381469727,15.630000114440918,1511000.0
41,00928.TWO,2023-07-17,13.92054557800293,15.710000038146973,15.760000228881836,15.649999618530273,15.6899995803833,690000.0
42,00928.TWO,2023-07-18,13.92940616607666,15.720000267028809,15.819999694824219,15.600000381469727,15.800000190734863,726000.0
43,00928.TWO,2023-07-19,13.840795516967773,15.619999885559082,15.890000343322754,15.640000343322754,15.850000381469727,749000.0
44,00928.TWO,2023-07-20,13.858518600463867,15.640000343322754,15.65999984741211,15.609999656677246,15.640000343322754,450000.0
45,00928.TWO,2023-07-21,13.734464645385742,15.5,15.5,15.399999618530273,15.470000267028809,599000.0
46,00928.TWO,2023-07-24,13.645855903625488,15.399999618530273,15.479999542236328,15.300000190734863,15.479999542236328,812000.0
47,00928.TWO,2023-07-25,13.743326187133789,15.510000228881836,15.5600004196167,15.489999771118164,15.510000228881836,803000.0
48,00928.TWO,2023-07-26,13.530664443969727,15.270000457763672,15.510000228881836,15.260000228881836,15.510000228881836,1480000.0
49,00928.TWO,2023-07-27,13.743326187133789,15.510000228881836,15.529999732971191,15.380000114440918,15.390000343322754,1989000.0
50,00928.TWO,2023-07-28,13.964849472045898,15.760000228881836,15.75,15.510000228881836,15.510000228881836,1251000.0
51,00928.TWO,2023-07-31,13.902822494506836,15.6899995803833,15.869999885559082,15.630000114440918,15.84000015258789,1279000.0
52,00928.TWO,2023-08-01,13.849658012390137,15.630000114440918,15.869999885559082,15.569999694824219,15.850000381469727,1433000.0
53,00928.TWO,2023-08-02,13.583828926086426,15.329999923706055,15.649999618530273,15.289999961853027,15.609999656677246,1267000.0
54,00928.TWO,2023-08-04,13.645855903625488,15.399999618530273,15.399999618530273,15.229999542236328,15.270000457763672,924000.0
55,00928.TWO,2023-08-07,13.707881927490234,15.470000267028809,15.470000267028809,15.329999923706055,15.390000343322754,1428000.0
56,00928.TWO,2023-08-08,13.548384666442871,15.289999961853027,15.430000305175781,15.25,15.430000305175781,1408000.0
57,00928.TWO,2023-08-09,13.468636512756348,15.199999809265137,15.34000015258789,15.1899995803833,15.279999732971191,1150000.0
58,00928.TWO,2023-08-10,13.22053050994873,14.920000076293945,15.130000114440918,14.890000343322754,15.130000114440918,1768000.0
59,00928.TWO,2023-08-11,13.114198684692383,14.800000190734863,14.979999542236328,14.779999732971191,14.979999542236328,2132000.0
60,00928.TWO,2023-08-14,12.90153694152832,14.5600004196167,14.670000076293945,14.470000267028809,14.670000076293945,1319000.0
61,00928.TWO,2023-08-15,12.928119659423828,14.59000015258789,14.739999771118164,14.539999961853027,14.699999809265137,1024000.0
62,00928.TWO,2023-08-16,12.81292724609375,14.460000038146973,14.529999732971191,14.399999618530273,14.470000267028809,1328000.0
63,00928.TWO,2023-08-17,12.936980247497559,14.600000381469727,14.600000381469727,14.289999961853027,14.319999694824219,927000.0
64,00928.TWO,2023-08-18,12.839509963989258,14.489999771118164,14.640000343322754,14.4399995803833,14.529999732971191,1120000.0
65,00928.TWO,2023-08-21,12.786344528198242,14.430000305175781,14.529999732971191,14.399999618530273,14.520000457763672,506000.0
66,00928.TWO,2023-08-22,12.786344528198242,14.430000305175781,14.579999923706055,14.430000305175781,14.449999809265137,328000.0
67,00928.TWO,2023-08-23,12.910396575927734,14.569999694824219,14.569999694824219,14.399999618530273,14.460000038146973,496000.0
68,00928.TWO,2023-08-24,13.007867813110352,14.680000305175781,14.770000457763672,14.609999656677246,14.640000343322754,689000.0
69,00928.TWO,2023-08-25,12.87495231628418,14.529999732971191,14.569999694824219,14.460000038146973,14.5600004196167,897000.0
70,00928.TWO,2023-08-28,12.936980247497559,14.600000381469727,14.609999656677246,14.520000457763672,14.5600004196167,442000.0
71,00928.TWO,2023-08-29,13.078755378723145,14.760000228881836,14.760000228881836,14.65999984741211,14.680000305175781,780000.0
72,00928.TWO,2023-08-30,13.185087203979492,14.880000114440918,14.970000267028809,14.869999885559082,14.880000114440918,970000.0
73,00928.TWO,2023-08-31,13.238251686096191,14.9399995803833,14.979999542236328,14.880000114440918,14.899999618530273,989000.0
74,00928.TWO,2023-09-01,13.326862335205078,15.039999961853027,15.079999923706055,14.970000267028809,14.970000267028809,626000.0
75,00928.TWO,2023-09-04,13.380027770996094,15.100000381469727,15.109999656677246,15.010000228881836,15.050000190734863,610000.0
76,00928.TWO,2023-09-05,13.44205379486084,15.170000076293945,15.180000305175781,15.100000381469727,15.119999885559082,490000.0
77,00928.TWO,2023-09-06,13.512941360473633,15.25,15.279999732971191,15.170000076293945,15.180000305175781,715000.0
78,00928.TWO,2023-09-07,13.450915336608887,15.180000305175781,15.289999961853027,15.180000305175781,15.199999809265137,804000.0
79,00928.TWO,2023-09-08,13.406611442565918,15.130000114440918,15.180000305175781,15.0600004196167,15.140000343322754,686000.0
80,00928.TWO,2023-09-11,13.247113227844238,14.949999809265137,15.130000114440918,14.949999809265137,15.119999885559082,844000.0
81,00928.TWO,2023-09-12,13.344584465026855,15.0600004196167,15.109999656677246,14.989999771118164,15.039999961853027,1399000.0
82,00928.TWO,2023-09-13,13.43319320678711,15.15999984741211,15.180000305175781,15.109999656677246,15.130000114440918,1880000.0
83,00928.TWO,2023-09-14,13.636994361877441,15.390000343322754,15.40999984741211,15.289999961853027,15.289999961853027,1197000.0
84,00928.TWO,2023-09-15,13.68129825592041,15.4399995803833,15.460000038146973,15.329999923706055,15.390000343322754,2289000.0
85,00928.TWO,2023-09-18,13.645855903625488,15.399999618530273,15.479999542236328,15.359999656677246,15.390000343322754,2261000.0
86,00928.TWO,2023-09-19,13.610411643981934,15.359999656677246,15.5,15.359999656677246,15.399999618530273,1382000.0
87,00928.TWO,2023-09-20,13.424331665039062,15.149999618530273,15.369999885559082,15.149999618530273,15.369999885559082,1297000.0
88,00928.TWO,2023-09-21,13.27369499206543,14.979999542236328,15.069999694824219,14.949999809265137,15.050000190734863,1827000.0
89,00928.TWO,2023-09-22,13.317999839782715,15.029999732971191,15.039999961853027,14.8100004196167,14.84000015258789,731000.0
90,00928.TWO,2023-09-25,13.424331665039062,15.149999618530273,15.170000076293945,15.050000190734863,15.050000190734863,755000.0
91,00928.TWO,2023-09-26,13.27369499206543,14.979999542236328,15.109999656677246,14.979999542236328,15.069999694824219,366000.0
92,00928.TWO,2023-09-27,13.255973815917969,14.960000038146973,14.960000038146973,14.920000076293945,14.920000076293945,395000.0
93,00928.TWO,2023-09-28,13.291418075561523,15.0,15.09000015258789,14.979999542236328,15.0,955000.0
94,00928.TWO,2023-10-02,13.512941360473633,15.25,15.25,15.130000114440918,15.149999618530273,558000.0
95,00928.TWO,2023-10-03,13.450915336608887,15.180000305175781,15.279999732971191,15.180000305175781,15.220000267028809,581000.0
96,00928.TWO,2023-10-04,13.371167182922363,15.09000015258789,15.109999656677246,15.010000228881836,15.010000228881836,784000.0
97,00928.TWO,2023-10-05,13.566108703613281,15.3100004196167,15.329999923706055,15.1899995803833,15.199999809265137,1770000.0
98,00928.TWO,2023-10-06,13.539525032043457,15.279999732971191,15.359999656677246,15.279999732971191,15.34000015258789,695000.0
99,00928.TWO,2023-10-11,13.504080772399902,15.239999771118164,15.4399995803833,15.239999771118164,15.4399995803833,1760000.0
100,00928.TWO,2023-10-12,13.645855903625488,15.399999618530273,15.399999618530273,15.25,15.25,916000.0
101,00928.TWO,2023-10-13,13.645855903625488,15.399999618530273,15.460000038146973,15.34000015258789,15.34000015258789,1041000.0
102,00928.TWO,2023-10-16,13.495219230651855,15.229999542236328,15.319999694824219,15.229999542236328,15.300000190734863,285000.0
103,00928.TWO,2023-10-17,13.486359596252441,15.220000267028809,15.359999656677246,15.220000267028809,15.329999923706055,828000.0
104,00928.TWO,2023-10-18,13.326862335205078,15.039999961853027,15.229999542236328,15.039999961853027,15.229999542236328,1453000.0
105,00928.TWO,2023-10-19,13.477497100830078,15.210000038146973,15.199999809265137,14.979999542236328,14.979999542236328,2453000.0
106,00928.TWO,2023-10-20,13.371167182922363,15.09000015258789,15.119999885559082,14.890000343322754,15.119999885559082,3402000.0
107,00928.TWO,2023-10-23,13.229391098022461,14.930000305175781,15.119999885559082,14.930000305175781,15.050000190734863,1235000.0
108,00928.TWO,2023-10-24,13.300278663635254,15.010000228881836,15.020000457763672,14.899999618530273,15.010000228881836,843000.0
109,00928.TWO,2023-10-25,13.43319320678711,15.15999984741211,15.229999542236328,15.100000381469727,15.100000381469727,1419000.0
110,00928.TWO,2023-10-26,13.149642944335938,14.84000015258789,15.0,14.84000015258789,14.869999885559082,2486000.0
111,00928.TWO,2023-10-27,13.229391098022461,14.930000305175781,14.989999771118164,14.930000305175781,14.930000305175781,1231000.0
112,00928.TWO,2023-10-30,13.300278663635254,15.010000228881836,15.039999961853027,14.960000038146973,14.989999771118164,615000.0
113,00928.TWO,2023-10-31,13.167364120483398,14.859999656677246,15.170000076293945,14.84000015258789,15.09000015258789,1564000.0
114,00928.TWO,2023-11-01,13.371167182922363,15.09000015258789,15.09000015258789,14.90999984741211,14.970000267028809,723000.0
115,00928.TWO,2023-11-02,13.530664443969727,15.270000457763672,15.279999732971191,15.210000038146973,15.229999542236328,926000.0
116,00928.TWO,2023-11-03,13.548384666442871,15.289999961853027,15.350000381469727,15.25,15.329999923706055,1488000.0
117,00928.TWO,2023-11-06,13.628133773803711,15.380000114440918,15.479999542236328,15.359999656677246,15.359999656677246,969000.0
118,00928.TWO,2023-11-07,13.654716491699219,15.40999984741211,15.4399995803833,15.369999885559082,15.380000114440918,756000.0
119,00928.TWO,2023-11-08,13.583828926086426,15.329999923706055,15.390000343322754,15.329999923706055,15.369999885559082,948000.0
120,00928.TWO,2023-11-09,13.557246208190918,15.300000190734863,15.319999694824219,15.25,15.289999961853027,611000.0
121,00928.TWO,2023-11-10,13.486359596252441,15.220000267028809,15.300000190734863,15.220000267028809,15.25,846000.0
122,00928.TWO,2023-11-13,13.557246208190918,15.300000190734863,15.380000114440918,15.300000190734863,15.359999656677246,1193000.0
123,00928.TWO,2023-11-14,13.574967384338379,15.319999694824219,15.369999885559082,15.289999961853027,15.369999885559082,1180000.0
124,00928.TWO,2023-11-15,13.690160751342773,15.449999809265137,15.550000190734863,15.430000305175781,15.539999961853027,1378000.0
125,00928.TWO,2023-11-16,13.769908905029297,15.539999961853027,15.539999961853027,15.399999618530273,15.430000305175781,1588000.0
126,00928.TWO,2023-11-17,13.787631034851074,15.5600004196167,15.569999694824219,15.520000457763672,15.520000457763672,605000.0
127,00928.TWO,2023-11-20,13.840795516967773,15.619999885559082,15.680000305175781,15.600000381469727,15.600000381469727,907000.0
128,00928.TWO,2023-11-21,13.840795516967773,15.619999885559082,15.710000038146973,15.619999885559082,15.6899995803833,673000.0
129,00928.TWO,2023-11-22,13.885101318359375,15.670000076293945,15.6899995803833,15.569999694824219,15.569999694824219,2137000.0
130,00928.TWO,2023-11-23,13.964849472045898,15.760000228881836,15.819999694824219,15.710000038146973,15.710000038146973,1415000.0
131,00928.TWO,2023-11-24,13.991432189941406,15.789999961853027,15.859999656677246,15.789999961853027,15.819999694824219,2387000.0
132,00928.TWO,2023-11-27,13.796490669250488,15.569999694824219,15.829999923706055,15.569999694824219,15.829999923706055,1148000.0
133,00928.TWO,2023-11-28,14.088902473449707,15.899999618530273,15.960000038146973,15.619999885559082,15.630000114440918,5893000.0
134,00928.TWO,2023-11-29,14.204095840454102,16.030000686645508,16.049999237060547,15.960000038146973,15.960000038146973,1705000.0
135,00928.TWO,2023-11-30,14.212957382202148,16.040000915527344,16.1299991607666,16.040000915527344,16.059999465942383,1787000.0
136,00928.TWO,2023-12-01,14.257261276245117,16.09000015258789,16.110000610351562,16.030000686645508,16.040000915527344,756000.0
137,00928.TWO,2023-12-04,14.345870971679688,16.190000534057617,16.229999542236328,16.149999618530273,16.149999618530273,790000.0
138,00928.TWO,2023-12-05,14.195234298706055,16.020000457763672,16.100000381469727,15.970000267028809,16.100000381469727,1301000.0
139,00928.TWO,2023-12-06,14.301565170288086,16.139999389648438,16.15999984741211,16.079999923706055,16.15999984741211,2635000.0
140,00928.TWO,2023-12-07,14.177512168884277,16.0,16.06999969482422,16.0,16.06999969482422,1477000.0
141,00928.TWO,2023-12-08,14.177512168884277,16.0,16.1299991607666,16.0,16.1200008392334,653000.0
142,00928.TWO,2023-12-11,14.195234298706055,16.020000457763672,16.049999237060547,16.0,16.020000457763672,438000.0
143,00928.TWO,2023-12-12,14.310425758361816,16.149999618530273,16.15999984741211,16.100000381469727,16.100000381469727,1237000.0
144,00928.TWO,2023-12-13,14.32814884185791,16.170000076293945,16.239999771118164,16.170000076293945,16.200000762939453,1280000.0
145,00928.TWO,2023-12-14,14.540811538696289,16.40999984741211,16.40999984741211,16.31999969482422,16.329999923706055,2292000.0
146,00928.TWO,2023-12-15,14.576255798339844,16.450000762939453,16.600000381469727,16.450000762939453,16.530000686645508,1605000.0
147,00928.TWO,2023-12-18,14.54967212677002,16.420000076293945,16.450000762939453,16.34000015258789,16.43000030517578,4721000.0
148,00928.TWO,2023-12-19,14.274982452392578,16.110000610351562,16.299999237060547,16.06999969482422,16.290000915527344,3309000.0
149,00928.TWO,2023-12-20,14.32814884185791,16.170000076293945,16.239999771118164,16.15999984741211,16.209999084472656,1619000.0
150,00928.TWO,2023-12-21,14.319287300109863,16.15999984741211,16.200000762939453,16.010000228881836,16.010000228881836,1765000.0
151,00928.TWO,2023-12-22,14.531949996948242,16.399999618530273,16.420000076293945,16.239999771118164,16.239999771118164,3161000.0
152,00928.TWO,2023-12-25,14.531949996948242,16.399999618530273,16.459999084472656,16.389999389648438,16.440000534057617,1160000.0
153,00928.TWO,2023-12-26,14.593976020812988,16.469999313354492,16.469999313354492,16.399999618530273,16.40999984741211,1594000.0
154,00928.TWO,2023-12-27,14.718029975891113,16.610000610351562,16.6200008392334,16.530000686645508,16.530000686645508,1462000.0
155,00928.TWO,2023-12-28,14.664863586425781,16.549999237060547,16.600000381469727,16.520000457763672,16.600000381469727,590000.0
156,00928.TWO,2023-12-29,14.576255798339844,16.450000762939453,16.530000686645508,16.43000030517578,16.530000686645508,2496000.0
157,00928.TWO,2024-01-02,14.434479713439941,16.290000915527344,16.5,16.239999771118164,16.489999771118164,2698000.0
158,00928.TWO,2024-01-03,14.24839973449707,16.079999923706055,16.190000534057617,16.059999465942383,16.15999984741211,767000.0
159,00928.TWO,2024-01-04,14.195234298706055,16.020000457763672,16.15999984741211,16.0,16.09000015258789,967000.0
160,00928.TWO,2024-01-05,14.257261276245117,16.09000015258789,16.149999618530273,16.06999969482422,16.09000015258789,1180000.0
161,00928.TWO,2024-01-08,14.301565170288086,16.139999389648438,16.270000457763672,16.100000381469727,16.18000030517578,1923000.0
162,00928.TWO,2024-01-09,14.274982452392578,16.110000610351562,16.280000686645508,16.110000610351562,16.25,1565000.0
163,00928.TWO,2024-01-10,14.23953914642334,16.06999969482422,16.079999923706055,15.979999542236328,16.06999969482422,981000.0
164,00928.TWO,2024-01-11,14.32814884185791,16.170000076293945,16.170000076293945,16.09000015258789,16.100000381469727,1401000.0
165,00928.TWO,2024-01-12,14.257261276245117,16.09000015258789,16.170000076293945,16.059999465942383,16.100000381469727,2168000.0
166,00928.TWO,2024-01-15,14.257261276245117,16.09000015258789,16.170000076293945,16.059999465942383,16.100000381469727,2168000.0
167,00928.TWO,2024-01-16,14.50536823272705,16.3700008392334,16.3700008392334,16.110000610351562,16.170000076293945,3007000.0
168,00928.TWO,2024-01-17,14.229424476623535,15.470000267028809,15.699999809265137,15.430000305175781,15.670000076293945,2014000.0
169,00928.TWO,2024-01-18,14.155839920043945,15.390000343322754,15.529999732971191,15.3100004196167,15.460000038146973,1688000.0
170,00928.TWO,2024-01-19,14.321404457092285,15.569999694824219,15.609999656677246,15.479999542236328,15.59000015258789,2872000.0
171,00928.TWO,2024-01-22,14.459376335144043,15.720000267028809,15.770000457763672,15.619999885559082,15.619999885559082,1740000.0
172,00928.TWO,2024-01-23,14.5973482131958,15.869999885559082,15.890000343322754,15.729999542236328,15.729999542236328,1462000.0
173,00928.TWO,2024-01-24,14.578951835632324,15.850000381469727,15.960000038146973,15.84000015258789,15.899999618530273,762000.0
174,00928.TWO,2024-01-25,14.606546401977539,15.880000114440918,15.949999809265137,15.829999923706055,15.920000076293945,481000.0
175,00928.TWO,2024-01-26,14.689329147338867,15.970000267028809,16.06999969482422,15.930000305175781,15.9399995803833,3713000.0
176,00928.TWO,2024-01-29,14.74451732635498,16.030000686645508,16.030000686645508,15.9399995803833,15.970000267028809,773000.0
177,00928.TWO,2024-01-30,14.735320091247559,16.020000457763672,16.079999923706055,15.979999542236328,16.030000686645508,845000.0
178,00928.TWO,2024-01-31,14.670931816101074,15.949999809265137,16.09000015258789,15.949999809265137,16.020000457763672,867000.0
179,00928.TWO,2024-02-01,14.707724571228027,15.989999771118164,16.020000457763672,15.90999984741211,15.930000305175781,513000.0
180,00928.TWO,2024-02-02,14.836496353149414,16.1299991607666,16.170000076293945,16.09000015258789,16.09000015258789,1338000.0
181,00928.TWO,2024-02-05,14.854893684387207,16.149999618530273,16.15999984741211,16.049999237060547,16.100000381469727,1150000.0
182,00928.TWO,2024-02-15,15.084845542907715,16.399999618530273,16.399999618530273,16.219999313354492,16.350000381469727,1554000.0
183,00928.TWO,2024-02-16,15.020459175109863,16.329999923706055,16.440000534057617,16.299999237060547,16.43000030517578,1150000.0
184,00928.TWO,2024-02-19,15.03885555267334,16.350000381469727,16.389999389648438,16.309999465942383,16.350000381469727,2911000.0
185,00928.TWO,2024-02-20,15.121638298034668,16.440000534057617,16.440000534057617,16.31999969482422,16.31999969482422,909000.0
186,00928.TWO,2024-02-21,15.176826477050781,16.5,16.549999237060547,16.3700008392334,16.3700008392334,954000.0
187,00928.TWO,2024-02-22,15.278006553649902,16.610000610351562,16.649999618530273,16.530000686645508,16.6200008392334,1174000.0
188,00928.TWO,2024-02-23,15.232014656066895,16.559999465942383,16.719999313354492,16.559999465942383,16.709999084472656,560000.0
189,00928.TWO,2024-02-26,15.213619232177734,16.540000915527344,16.549999237060547,16.459999084472656,16.549999237060547,932000.0
190,00928.TWO,2024-02-27,15.084845542907715,16.399999618530273,16.639999389648438,16.280000686645508,16.520000457763672,1581000.0
191,00928.TWO,2024-02-29,15.28720474243164,16.6200008392334,16.649999618530273,16.459999084472656,16.489999771118164,1162000.0
192,00928.TWO,2024-03-01,15.507957458496094,16.860000610351562,16.860000610351562,16.639999389648438,16.639999389648438,1741000.0
193,00928.TWO,2024-03-04,15.58154296875,16.940000534057617,17.010000228881836,16.899999618530273,16.969999313354492,1259000.0
194,00928.TWO,2024-03-05,15.563145637512207,16.920000076293945,16.989999771118164,16.829999923706055,16.979999542236328,603000.0
195,00928.TWO,2024-03-06,15.590740203857422,16.950000762939453,16.979999542236328,16.829999923706055,16.850000381469727,523000.0
196,00928.TWO,2024-03-07,15.61833381652832,16.979999542236328,17.139999389648438,16.799999237060547,17.100000381469727,4151000.0
197,00928.TWO,2024-03-08,15.434372901916504,16.780000686645508,17.170000076293945,16.559999465942383,17.149999618530273,3524000.0
198,00928.TWO,2024-03-11,15.443572044372559,16.790000915527344,16.829999923706055,16.690000534057617,16.739999771118164,1630000.0
199,00928.TWO,2024-03-12,15.7655029296875,17.139999389648438,17.190000534057617,16.809999465942383,16.809999465942383,1722000.0
200,00928.TWO,2024-03-13,15.756304740905762,17.1299991607666,17.309999465942383,17.020000457763672,17.25,2093000.0
201,00928.TWO,2024-03-14,15.599937438964844,16.959999084472656,17.049999237060547,16.81999969482422,17.040000915527344,1455000.0
202,00928.TWO,2024-03-15,15.443572044372559,16.790000915527344,17.0,16.780000686645508,16.809999465942383,1476000.0
203,00928.TWO,2024-03-18,15.443572044372559,16.790000915527344,17.0,16.780000686645508,16.809999465942383,1476000.0
204,00928.TWO,2024-03-19,15.829890251159668,17.209999084472656,17.309999465942383,17.059999465942383,17.059999465942383,2074000.0
205,00928.TWO,2024-03-20,15.829890251159668,17.209999084472656,17.309999465942383,17.059999465942383,17.059999465942383,2074000.0
206,00928.TWO,2024-03-21,15.931068420410156,17.31999969482422,17.5,17.31999969482422,17.489999771118164,721000.0
207,00928.TWO,2024-03-22,15.793098449707031,17.170000076293945,17.34000015258789,17.09000015258789,17.34000015258789,688000.0
208,00928.TWO,2024-03-25,15.793098449707031,17.170000076293945,17.34000015258789,17.09000015258789,17.34000015258789,688000.0
209,00928.TWO,2024-03-26,15.58154296875,16.940000534057617,17.329999923706055,16.809999465942383,17.270000457763672,3733000.0
210,00928.TWO,2024-03-27,15.737910270690918,17.110000610351562,17.18000030517578,16.940000534057617,16.979999542236328,883000.0
211,00928.TWO,2024-03-28,15.74710750579834,17.1200008392334,17.219999313354492,17.06999969482422,17.149999618530273,987000.0
212,00928.TWO,2024-03-29,15.820693016052246,17.200000762939453,17.200000762939453,17.100000381469727,17.149999618530273,995000.0
213,00928.TWO,2024-04-01,15.949464797973633,17.34000015258789,17.360000610351562,17.200000762939453,17.25,724000.0
214,00928.TWO,2024-04-02,15.967862129211426,17.360000610351562,17.389999389648438,17.299999237060547,17.389999389648438,951000.0
215,00928.TWO,2024-04-03,16.041446685791016,17.440000534057617,17.440000534057617,17.149999618530273,17.18000030517578,1183000.0
216,00928.TWO,2024-04-08,16.142623901367188,17.549999237060547,17.59000015258789,17.40999984741211,17.489999771118164,1351000.0
217,00928.TWO,2024-04-09,16.078237533569336,17.479999542236328,17.549999237060547,17.399999618530273,17.549999237060547,545000.0
218,00928.TWO,2024-04-10,16.308189392089844,17.729999542236328,17.760000228881836,17.56999969482422,17.56999969482422,1381000.0
219,00928.TWO,2024-04-11,16.26219940185547,17.68000030517578,17.709999084472656,17.59000015258789,17.639999389648438,901000.0
220,00928.TWO,2024-04-12,16.390972137451172,17.81999969482422,17.8799991607666,17.739999771118164,17.739999771118164,1676000.0
221,00928.TWO,2024-04-15,16.344982147216797,17.770000457763672,17.8799991607666,17.649999618530273,17.719999313354492,883000.0
222,00928.TWO,2024-04-16,15.783899307250977,17.15999984741211,17.59000015258789,17.079999923706055,17.59000015258789,1896000.0
223,00928.TWO,2024-04-17,15.885079383850098,17.270000457763672,17.309999465942383,17.25,17.25,545000.0
224,00928.TWO,2024-04-18,15.912672996520996,17.299999237060547,17.360000610351562,17.149999618530273,17.190000534057617,949000.0
225,00928.TWO,2024-04-19,15.305599212646484,16.639999389648438,17.040000915527344,16.3700008392334,17.040000915527344,1582000.0
226,00928.TWO,2024-04-22,14.7813081741333,16.06999969482422,16.610000610351562,16.059999465942383,16.549999237060547,2566000.0
227,00928.TWO,2024-04-23,14.919280052185059,16.219999313354492,16.350000381469727,16.1299991607666,16.31999969482422,1000000.0
228,00928.TWO,2024-04-24,15.379182815551758,16.719999313354492,16.719999313354492,16.520000457763672,16.520000457763672,1028000.0
229,00928.TWO,2024-04-25,15.18602466583252,16.510000228881836,16.639999389648438,16.510000228881836,16.549999237060547,858000.0
230,00928.TWO,2024-04-26,15.517155647277832,16.8700008392334,16.989999771118164,16.709999084472656,16.709999084472656,1939000.0
231,00928.TWO,2024-04-29,15.664324760437012,17.030000686645508,17.06999969482422,16.950000762939453,17.049999237060547,1064000.0
232,00928.TWO,2024-04-30,15.645928382873535,17.010000228881836,17.06999969482422,16.90999984741211,16.93000030517578,1112000.0
233,00928.TWO,2024-05-02,15.63672924041748,17.0,17.020000457763672,16.8700008392334,16.940000534057617,967000.0
234,00928.TWO,2024-05-03,15.61833381652832,16.979999542236328,17.25,16.950000762939453,17.190000534057617,1307000.0
235,00928.TWO,2024-05-06,15.63672924041748,17.0,17.110000610351562,16.969999313354492,17.110000610351562,1065000.0
236,00928.TWO,2024-05-07,15.61833381652832,16.979999542236328,17.040000915527344,16.81999969482422,17.040000915527344,1125000.0
237,00928.TWO,2024-05-08,15.599937438964844,16.959999084472656,17.0,16.8799991607666,17.0,849000.0
238,00928.TWO,2024-05-09,15.36078929901123,16.700000762939453,16.989999771118164,16.700000762939453,16.989999771118164,616000.0
239,00928.TWO,2024-05-10,15.406778335571289,16.75,16.799999237060547,16.670000076293945,16.760000228881836,844000.0
240,00928.TWO,2024-05-13,15.452768325805664,16.799999237060547,16.799999237060547,16.600000381469727,16.690000534057617,710000.0
241,00928.TWO,2024-05-14,15.498760223388672,16.850000381469727,16.850000381469727,16.739999771118164,16.780000686645508,1333000.0
242,00928.TWO,2024-05-15,15.535551071166992,16.889999389648438,17.1200008392334,16.889999389648438,17.09000015258789,1066000.0
243,00928.TWO,2024-05-16,15.664324760437012,17.030000686645508,17.100000381469727,16.989999771118164,17.079999923706055,605000.0
244,00928.TWO,2024-05-17,15.609135627746582,16.969999313354492,17.030000686645508,16.899999618530273,17.0,873000.0
245,00928.TWO,2024-05-20,15.553947448730469,16.90999984741211,17.040000915527344,16.850000381469727,16.969999313354492,692000.0
246,00928.TWO,2024-05-21,15.54474925994873,16.899999618530273,17.010000228881836,16.780000686645508,16.950000762939453,779000.0
247,00928.TWO,2024-05-22,15.857484817504883,17.239999771118164,17.25,16.989999771118164,16.989999771118164,1888000.0
248,00928.TWO,2024-05-23,15.820693016052246,17.200000762939453,17.399999618530273,17.149999618530273,17.360000610351562,1172000.0
249,00928.TWO,2024-05-24,15.967862129211426,17.360000610351562,17.3700008392334,17.049999237060547,17.049999237060547,1436000.0
250,00928.TWO,2024-05-27,16.216209411621094,17.6299991607666,17.68000030517578,17.5,17.5,1381000.0
251,00928.TWO,2024-05-28,16.308189392089844,17.729999542236328,17.729999542236328,17.639999389648438,17.68000030517578,856000.0
252,00928.TWO,2024-05-29,16.197813034057617,17.610000610351562,17.889999389648438,17.610000610351562,17.889999389648438,1274000.0
253,00928.TWO,2024-05-30,16.03224754333496,17.43000030517578,17.520000457763672,17.3700008392334,17.450000762939453,1192000.0
254,00928.TWO,2024-05-31,16.05984115600586,17.459999084472656,17.6299991607666,17.459999084472656,17.6299991607666,981000.0
255,00928.TWO,2024-06-03,16.197813034057617,17.610000610351562,17.68000030517578,17.489999771118164,17.68000030517578,463000.0
256,00928.TWO,2024-06-04,15.931068420410156,17.31999969482422,17.549999237060547,17.31999969482422,17.520000457763672,1075000.0
257,00928.TWO,2024-06-05,15.940267562866211,17.329999923706055,17.40999984741211,17.25,17.389999389648438,776000.0
258,00928.TWO,2024-06-06,15.977059364318848,17.3700008392334,17.489999771118164,17.280000686645508,17.450000762939453,911000.0
259,00928.TWO,2024-06-07,16.069040298461914,17.469999313354492,17.5,17.360000610351562,17.3700008392334,820000.0
260,00928.TWO,2024-06-11,16.225406646728516,17.639999389648438,17.719999313354492,17.59000015258789,17.65999984741211,1151000.0
261,00928.TWO,2024-06-12,16.53814125061035,17.979999542236328,17.979999542236328,17.75,17.780000686645508,2382000.0
262,00928.TWO,2024-06-13,16.73130226135254,18.190000534057617,18.34000015258789,18.190000534057617,18.260000228881836,872000.0
263,00928.TWO,2024-06-14,16.64851951599121,18.100000381469727,18.170000076293945,18.079999923706055,18.149999618530273,936000.0
264,00928.TWO,2024-06-17,16.703706741333008,18.15999984741211,18.239999771118164,18.1200008392334,18.15999984741211,539000.0
265,00928.TWO,2024-06-18,16.740501403808594,18.200000762939453,18.31999969482422,18.139999389648438,18.280000686645508,600000.0
266,00928.TWO,2024-06-19,16.758893966674805,18.219999313354492,18.459999084472656,18.170000076293945,18.420000076293945,1310000.0
267,00928.TWO,2024-06-20,16.887670516967773,18.360000610351562,18.389999389648438,18.280000686645508,18.280000686645508,379000.0
268,00928.TWO,2024-06-21,16.79568862915039,18.260000228881836,18.34000015258789,18.229999542236328,18.239999771118164,971000.0
269,00928.TWO,2024-06-24,16.62092399597168,18.06999969482422,18.219999313354492,18.06999969482422,18.219999313354492,1889000.0
270,00928.TWO,2024-06-25,16.712905883789062,18.170000076293945,18.219999313354492,17.81999969482422,18.09000015258789,2538000.0
271,00928.TWO,2024-06-26,16.92445945739746,18.399999618530273,18.450000762939453,18.270000457763672,18.270000457763672,1723000.0
272,00928.TWO,2024-06-27,16.887670516967773,18.360000610351562,18.420000076293945,18.31999969482422,18.329999923706055,1115000.0
273,00928.TWO,2024-06-28,17.044036865234375,18.530000686645508,18.540000915527344,18.399999618530273,18.399999618530273,1376000.0
274,00928.TWO,2024-07-01,17.071630477905273,18.559999465942383,18.709999084472656,18.530000686645508,18.530000686645508,1056000.0
275,00928.TWO,2024-07-02,17.191205978393555,18.690000534057617,18.860000610351562,18.6200008392334,18.809999465942383,2642000.0
276,00928.TWO,2024-07-03,17.347572326660156,18.860000610351562,18.989999771118164,18.84000015258789,18.989999771118164,2826000.0
277,00928.TWO,2024-07-04,17.402761459350586,18.920000076293945,19.040000915527344,18.850000381469727,18.920000076293945,2365000.0
278,00928.TWO,2024-07-05,17.559127807617188,19.09000015258789,19.110000610351562,18.950000762939453,19.079999923706055,2872000.0
279,00928.TWO,2024-07-08,17.47634506225586,19.0,19.18000030517578,18.959999084472656,19.18000030517578,4192000.0
280,00928.TWO,2024-07-09,17.49474334716797,19.020000457763672,19.06999969482422,18.75,19.040000915527344,4181000.0
281,00928.TWO,2024-07-10,17.50394058227539,19.030000686645508,19.1200008392334,19.010000228881836,19.09000015258789,1812000.0
282,00928.TWO,2024-07-11,17.706296920776367,19.25,19.309999465942383,19.059999465942383,19.100000381469727,2148000.0
283,00928.TWO,2024-07-12,17.467147827148438,18.989999771118164,19.15999984741211,18.989999771118164,19.06999969482422,4317000.0
284,00928.TWO,2024-07-15,17.531532287597656,19.059999465942383,19.110000610351562,18.959999084472656,19.040000915527344,4752000.0
285,00928.TWO,2024-07-16,17.38503074645996,17.799999237060547,17.899999618530273,17.770000457763672,17.899999618530273,2875000.0
286,00928.TWO,2024-07-17,17.336196899414062,17.75,17.920000076293945,17.75,17.899999618530273,1505000.0
287,00928.TWO,2024-07-18,17.072490692138672,17.479999542236328,17.579999923706055,17.3799991607666,17.579999923706055,2284000.0
288,00928.TWO,2024-07-19,16.662281036376953,17.059999465942383,17.489999771118164,17.040000915527344,17.489999771118164,1981000.0
289,00928.TWO,2024-07-22,16.125104904174805,16.510000228881836,17.020000457763672,16.3700008392334,17.020000457763672,8521000.0
290,00928.TWO,2024-07-23,16.252073287963867,16.639999389648438,16.75,16.600000381469727,16.670000076293945,2411000.0
291,00928.TWO,2024-07-26,16.10556983947754,16.489999771118164,16.549999237060547,16.149999618530273,16.360000610351562,3328000.0
292,00928.TWO,2024-07-29,15.939534187316895,16.31999969482422,16.690000534057617,16.31999969482422,16.6299991607666,2133000.0
293,00928.TWO,2024-07-30,16.10556983947754,16.489999771118164,16.489999771118164,16.020000457763672,16.229999542236328,5199000.0
294,00928.TWO,2024-07-31,16.027435302734375,16.40999984741211,16.5,16.299999237060547,16.40999984741211,2526000.0
295,00928.TWO,2024-08-01,16.2130069732666,16.600000381469727,16.709999084472656,16.540000915527344,16.709999084472656,1942000.0
296,00928.TWO,2024-08-02,15.724662780761719,16.100000381469727,16.540000915527344,16.100000381469727,16.3799991607666,1177000.0
297,00928.TWO,2024-08-05,14.572172164916992,14.920000076293945,15.4399995803833,14.699999809265137,15.420000076293945,2314000.0
298,00928.TWO,2024-08-06,14.630772590637207,14.979999542236328,15.220000267028809,14.210000038146973,15.15999984741211,11282000.0
299,00928.TWO,2024-08-07,15.226552963256836,15.59000015258789,15.619999885559082,15.039999961853027,15.100000381469727,3390000.0
300,00928.TWO,2024-08-08,15.19725227355957,15.5600004196167,15.739999771118164,15.380000114440918,15.470000267028809,2371000.0
301,00928.TWO,2024-08-09,15.548859596252441,15.920000076293945,16.059999465942383,15.920000076293945,15.979999542236328,1203000.0
302,00928.TWO,2024-08-12,15.822332382202148,16.200000762939453,16.229999542236328,16.049999237060547,16.110000610351562,1212000.0
303,00928.TWO,2024-08-13,15.910234451293945,16.290000915527344,16.31999969482422,16.170000076293945,16.25,1695000.0
304,00928.TWO,2024-08-14,16.183706283569336,16.56999969482422,16.68000030517578,16.479999542236328,16.510000228881836,805000.0
305,00928.TWO,2024-08-15,16.281373977661133,16.670000076293945,16.809999465942383,16.6200008392334,16.700000762939453,1136000.0
306,00928.TWO,2024-08-16,16.603681564331055,17.0,17.1299991607666,17.0,17.09000015258789,1438000.0
307,00928.TWO,2024-08-19,16.69158363342285,17.09000015258789,17.1299991607666,17.020000457763672,17.079999923706055,704000.0
308,00928.TWO,2024-08-20,16.769718170166016,17.170000076293945,17.280000686645508,17.15999984741211,17.260000228881836,856000.0
309,00928.TWO,2024-08-21,16.613449096679688,17.010000228881836,17.149999618530273,16.979999542236328,17.149999618530273,804000.0
310,00928.TWO,2024-08-22,16.828319549560547,17.229999542236328,17.329999923706055,17.18000030517578,17.18000030517578,1350000.0
311,00928.TWO,2024-08-23,16.935754776000977,17.34000015258789,17.34000015258789,17.149999618530273,17.15999984741211,1053000.0
312,00928.TWO,2024-08-26,16.80878448486328,17.209999084472656,17.549999237060547,17.170000076293945,17.510000228881836,695000.0
313,00928.TWO,2024-08-27,16.896686553955078,17.299999237060547,17.31999969482422,17.1200008392334,17.139999389648438,697000.0
314,00928.TWO,2024-08-28,16.935754776000977,17.34000015258789,17.399999618530273,17.25,17.360000610351562,552000.0
315,00928.TWO,2024-08-29,16.994356155395508,17.399999618530273,17.43000030517578,17.260000228881836,17.290000915527344,521000.0
316,00928.TWO,2024-08-30,17.11155891418457,17.520000457763672,17.610000610351562,17.5,17.520000457763672,966000.0
317,00928.TWO,2024-09-02,17.01388931274414,17.420000076293945,17.610000610351562,17.420000076293945,17.600000381469727,254000.0
318,00928.TWO,2024-09-03,17.023656845092773,17.43000030517578,17.5,17.389999389648438,17.440000534057617,932000.0
319,00928.TWO,2024-09-04,16.447410583496094,16.84000015258789,17.049999237060547,16.350000381469727,16.489999771118164,1632000.0
320,00928.TWO,2024-09-05,16.291141510009766,16.68000030517578,17.0,16.65999984741211,16.940000534057617,848000.0
321,00928.TWO,2024-09-06,16.388811111450195,16.780000686645508,16.8799991607666,16.68000030517578,16.719999313354492,502000.0
322,00928.TWO,2024-09-09,16.222774505615234,16.610000610351562,16.690000534057617,16.520000457763672,16.540000915527344,1122000.0
323,00928.TWO,2024-09-10,15.96883487701416,16.350000381469727,16.81999969482422,16.290000915527344,16.760000228881836,1149000.0
324,00928.TWO,2024-09-11,16.056737899780273,16.440000534057617,16.440000534057617,16.350000381469727,16.399999618530273,839000.0
325,00928.TWO,2024-09-12,16.33020782470703,16.719999313354492,16.780000686645508,16.639999389648438,16.700000762939453,940000.0
326,00928.TWO,2024-09-13,16.408342361450195,16.799999237060547,16.84000015258789,16.729999542236328,16.84000015258789,1687000.0
327,00928.TWO,2024-09-16,16.496244430541992,16.889999389648438,16.950000762939453,16.84000015258789,16.8700008392334,381000.0
328,00928.TWO,2024-09-18,16.408342361450195,16.799999237060547,16.979999542236328,16.799999237060547,16.889999389648438,843000.0
329,00928.TWO,2024-09-19,16.57438087463379,16.969999313354492,17.030000686645508,16.809999465942383,16.809999465942383,799000.0
330,00928.TWO,2024-09-20,16.701351165771484,17.100000381469727,17.260000228881836,17.030000686645508,17.219999313354492,405000.0
331,00928.TWO,2024-09-23,16.730649948120117,17.1299991607666,17.219999313354492,17.110000610351562,17.149999618530273,485000.0
332,00928.TWO,2024-09-24,16.711116790771484,17.110000610351562,17.200000762939453,17.049999237060547,17.15999984741211,440000.0
333,00928.TWO,2024-09-25,16.877153396606445,17.280000686645508,17.399999618530273,17.280000686645508,17.3700008392334,855000.0
334,00928.TWO,2024-09-26,16.867387771606445,17.270000457763672,17.469999313354492,17.260000228881836,17.469999313354492,297000.0
335,00928.TWO,2024-09-27,16.69158363342285,17.09000015258789,17.450000762939453,17.09000015258789,17.40999984741211,1696000.0
336,00928.TWO,2024-09-30,16.496244430541992,16.889999389648438,17.040000915527344,16.8799991607666,17.010000228881836,718000.0
337,00928.TWO,2024-10-01,16.545080184936523,16.940000534057617,16.969999313354492,16.850000381469727,16.93000030517578,231000.0
338,00928.TWO,2024-10-04,16.515779495239258,16.90999984741211,17.020000457763672,16.850000381469727,16.940000534057617,312000.0
339,00928.TWO,2024-10-07,16.701351165771484,17.100000381469727,17.18000030517578,17.06999969482422,17.1200008392334,218000.0
340,00928.TWO,2024-10-08,16.593914031982422,16.989999771118164,17.100000381469727,16.950000762939453,17.100000381469727,381000.0
341,00928.TWO,2024-10-09,16.545080184936523,16.940000534057617,17.1299991607666,16.920000076293945,17.1299991607666,166000.0
342,00928.TWO,2024-10-11,16.69158363342285,17.09000015258789,17.1200008392334,17.0,17.0,370000.0
343,00928.TWO,2024-10-14,16.642749786376953,17.040000915527344,17.139999389648438,17.040000915527344,17.100000381469727,303000.0
344,00928.TWO,2024-10-15,16.74041748046875,17.139999389648438,17.200000762939453,17.1299991607666,17.1299991607666,440000.0
345,00928.TWO,2024-10-16,16.623214721679688,17.020000457763672,17.09000015258789,16.979999542236328,17.06999969482422,347000.0
346,00928.TWO,2024-10-17,16.74041748046875,17.139999389648438,17.270000457763672,17.059999465942383,17.190000534057617,210000.0
347,00928.TWO,2024-10-18,16.57438087463379,16.969999313354492,17.239999771118164,16.940000534057617,17.209999084472656,337000.0
348,00928.TWO,2024-10-21,16.730649948120117,17.1299991607666,17.1299991607666,17.020000457763672,17.1200008392334,310000.0
349,00928.TWO,2024-10-22,16.828319549560547,17.229999542236328,17.25,17.06999969482422,17.100000381469727,367000.0
350,00928.TWO,2024-10-23,16.94552230834961,17.350000381469727,17.440000534057617,17.299999237060547,17.31999969482422,772000.0
351,00928.TWO,2024-10-24,16.642749786376953,17.040000915527344,17.360000610351562,17.020000457763672,17.360000610351562,270000.0
352,00928.TWO,2024-10-25,16.652515411376953,17.049999237060547,17.100000381469727,16.979999542236328,17.100000381469727,271000.0
353,00928.TWO,2024-10-28,16.52554702758789,16.920000076293945,17.100000381469727,16.850000381469727,17.079999923706055,370000.0
354,00928.TWO,2024-10-29,16.242305755615234,16.6299991607666,16.850000381469727,16.530000686645508,16.850000381469727,548000.0
355,00928.TWO,2024-10-30,16.222774505615234,16.610000610351562,16.75,16.600000381469727,16.719999313354492,617000.0
356,00928.TWO,2024-11-01,16.10556983947754,16.489999771118164,16.5,16.280000686645508,16.290000915527344,1640000.0
357,00928.TWO,2024-11-04,16.144638061523438,16.530000686645508,16.549999237060547,16.420000076293945,16.530000686645508,381000.0
358,00928.TWO,2024-11-05,16.086036682128906,16.469999313354492,16.520000457763672,16.43000030517578,16.5,287000.0
359,00928.TWO,2024-11-06,16.2130069732666,16.600000381469727,16.600000381469727,16.43000030517578,16.469999313354492,445000.0
360,00928.TWO,2024-11-07,16.35951042175293,16.75,16.75,16.530000686645508,16.59000015258789,616000.0
361,00928.TWO,2024-11-08,16.35951042175293,16.75,16.899999618530273,16.68000030517578,16.860000610351562,439000.0
362,00928.TWO,2024-11-11,16.15440559387207,16.540000915527344,16.889999389648438,16.520000457763672,16.8799991607666,276000.0
363,00928.TWO,2024-11-12,15.832098007202148,16.209999084472656,16.440000534057617,16.170000076293945,16.440000534057617,634000.0
364,00928.TWO,2024-11-13,15.822332382202148,16.200000762939453,16.25,16.149999618530273,16.219999313354492,228000.0
365,00928.TWO,2024-11-14,15.509791374206543,15.880000114440918,16.200000762939453,15.869999885559082,16.200000762939453,597000.0
366,00928.TWO,2024-11-15,15.617226600646973,15.989999771118164,16.079999923706055,15.9399995803833,15.970000267028809,137000.0
367,00928.TWO,2024-11-18,15.480491638183594,15.850000381469727,16.0,15.84000015258789,16.0,502000.0
368,00928.TWO,2024-11-19,15.734430313110352,16.110000610351562,16.1200008392334,15.880000114440918,15.930000305175781,543000.0
369,00928.TWO,2024-11-20,15.734430313110352,16.110000610351562,16.1200008392334,15.880000114440918,15.930000305175781,543000.0
370,00928.TWO,2024-11-21,15.880932807922363,16.260000228881836,16.290000915527344,16.049999237060547,16.049999237060547,342000.0
371,00928.TWO,2024-11-22,16.007902145385742,16.389999389648438,16.459999084472656,16.3799991607666,16.40999984741211,329000.0
372,00928.TWO,2024-11-25,16.134872436523438,16.520000457763672,16.600000381469727,16.510000228881836,16.530000686645508,274000.0
373,00928.TWO,2024-11-26,16.076269149780273,16.459999084472656,16.530000686645508,16.399999618530273,16.440000534057617,362000.0
374,00928.TWO,2024-11-27,15.666062355041504,16.040000915527344,16.459999084472656,16.030000686645508,16.459999084472656,322000.0
375,00928.TWO,2024-11-28,15.587926864624023,15.960000038146973,16.079999923706055,15.789999961853027,16.049999237060547,478000.0
376,00928.TWO,2024-11-29,15.871166229248047,16.25,16.290000915527344,15.800000190734863,15.84000015258789,313000.0
377,00928.TWO,2024-12-02,16.09580421447754,16.479999542236328,16.510000228881836,16.34000015258789,16.399999618530273,521000.0
378,00928.TWO,2024-12-03,16.10556983947754,16.489999771118164,16.649999618530273,16.489999771118164,16.600000381469727,349000.0
379,00928.TWO,2024-12-04,16.271608352661133,16.65999984741211,16.739999771118164,16.540000915527344,16.540000915527344,507000.0
380,00928.TWO,2024-12-05,16.3204402923584,16.709999084472656,16.829999923706055,16.700000762939453,16.799999237060547,287000.0
381,00928.TWO,2024-12-06,16.16417121887207,16.549999237060547,16.700000762939453,16.510000228881836,16.670000076293945,501000.0
382,00928.TWO,2024-12-09,16.09580421447754,16.479999542236328,16.579999923706055,16.450000762939453,16.579999923706055,192000.0
383,00928.TWO,2024-12-10,16.027435302734375,16.40999984741211,16.559999465942383,16.40999984741211,16.479999542236328,211000.0
384,00928.TWO,2024-12-11,16.007902145385742,16.389999389648438,16.520000457763672,16.3799991607666,16.450000762939453,275000.0
385,00928.TWO,2024-12-12,15.949300765991211,16.329999923706055,16.479999542236328,16.329999923706055,16.469999313354492,392000.0
386,00928.TWO,2024-12-13,15.890700340270996,16.270000457763672,16.3799991607666,16.229999542236328,16.329999923706055,401000.0
387,00928.TWO,2024-12-16,15.675827980041504,16.049999237060547,16.329999923706055,16.030000686645508,16.309999465942383,526000.0
388,00928.TWO,2024-12-17,15.949300765991211,16.329999923706055,16.3799991607666,16.15999984741211,16.15999984741211,786000.0
389,00928.TWO,2024-12-18,16.056737899780273,16.440000534057617,16.440000534057617,16.290000915527344,16.329999923706055,419000.0
390,00928.TWO,2024-12-19,16.134872436523438,16.520000457763672,16.520000457763672,16.200000762939453,16.200000762939453,1375000.0
391,00928.TWO,2024-12-20,15.929766654968262,16.309999465942383,16.6200008392334,16.309999465942383,16.520000457763672,766000.0
392,00928.TWO,2024-12-23,16.066503524780273,16.450000762939453,16.510000228881836,16.3799991607666,16.489999771118164,509000.0
393,00928.TWO,2024-12-24,16.3009090423584,16.690000534057617,16.829999923706055,16.639999389648438,16.639999389648438,940000.0
394,00928.TWO,2024-12-25,16.36927604675293,16.760000228881836,16.860000610351562,16.729999542236328,16.799999237060547,407000.0
395,00928.TWO,2024-12-26,16.388811111450195,16.780000686645508,16.799999237060547,16.75,16.770000457763672,628000.0
396,00928.TWO,2024-12-27,16.291141510009766,16.68000030517578,16.809999465942383,16.670000076293945,16.770000457763672,603000.0
397,00928.TWO,2024-12-30,16.222774505615234,16.610000610351562,16.799999237060547,16.610000610351562,16.729999542236328,925000.0
398,00928.TWO,2024-12-31,16.349742889404297,16.739999771118164,16.739999771118164,16.520000457763672,16.579999923706055,372000.0
399,00928.TWO,2025-01-02,16.10556983947754,16.489999771118164,16.760000228881836,16.459999084472656,16.760000228881836,339000.0
400,00928.TWO,2025-01-03,16.086036682128906,16.469999313354492,16.600000381469727,16.469999313354492,16.600000381469727,320000.0
401,00928.TWO,2025-01-06,16.242305755615234,16.6299991607666,16.6299991607666,16.440000534057617,16.56999969482422,652000.0
402,00928.TWO,2025-01-07,16.418109893798828,16.809999465942383,16.889999389648438,16.770000457763672,16.770000457763672,513000.0
403,00928.TWO,2025-01-08,16.349742889404297,16.739999771118164,16.850000381469727,16.719999313354492,16.809999465942383,214000.0
404,00928.TWO,2025-01-09,15.949300765991211,16.329999923706055,16.729999542236328,16.31999969482422,16.729999542236328,520000.0
405,00928.TWO,2025-01-10,15.910234451293945,16.290000915527344,16.489999771118164,16.25,16.329999923706055,266000.0
406,00928.TWO,2025-01-13,15.441424369812012,15.8100004196167,16.290000915527344,15.779999732971191,16.290000915527344,1290000.0
407,00928.TWO,2025-01-14,15.558626174926758,15.930000305175781,15.9399995803833,15.75,15.8100004196167,465000.0
408,00928.TWO,2025-01-15,15.539092063903809,15.90999984741211,16.06999969482422,15.90999984741211,15.930000305175781,417000.0
409,00928.TWO,2025-01-16,15.919999122619629,16.299999237060547,16.299999237060547,16.110000610351562,16.110000610351562,257000.0
410,00928.TWO,2025-01-17,15.789999961853027,15.789999961853027,15.989999771118164,15.770000457763672,15.989999771118164,365000.0
411,00928.TWO,2025-01-20,16.149999618530273,16.149999618530273,16.149999618530273,15.850000381469727,15.850000381469727,535000.0
412,00928.TWO,2025-01-21,16.079999923706055,16.079999923706055,16.209999084472656,16.059999465942383,16.149999618530273,176000.0
413,00928.TWO,2025-01-22,16.170000076293945,16.170000076293945,16.18000030517578,16.059999465942383,16.1200008392334,298000.0
414,00928.TWO,2025-02-03,15.579999923706055,15.579999923706055,15.8100004196167,15.479999542236328,15.699999809265137,923000.0
415,00928.TWO,2025-02-04,15.460000038146973,15.460000038146973,15.630000114440918,15.420000076293945,15.619999885559082,587000.0
416,00928.TWO,2025-02-05,15.739999771118164,15.739999771118164,15.789999961853027,15.640000343322754,15.640000343322754,478000.0
417,00928.TWO,2025-02-06,15.880000114440918,15.880000114440918,15.960000038146973,15.75,15.960000038146973,181000.0
418,00928.TWO,2025-02-07,16.030000686645508,16.030000686645508,16.059999465942383,15.869999885559082,15.880000114440918,853000.0
419,00928.TWO,2025-02-10,15.729999542236328,15.729999542236328,15.899999618530273,15.710000038146973,15.899999618530273,235000.0
420,00928.TWO,2025-02-11,15.739999771118164,15.739999771118164,15.869999885559082,15.729999542236328,15.829999923706055,227000.0
421,00928.TWO,2025-02-12,15.720000267028809,15.720000267028809,15.829999923706055,15.6899995803833,15.8100004196167,157000.0
422,00928.TWO,2025-02-13,15.779999732971191,15.779999732971191,15.800000190734863,15.720000267028809,15.720000267028809,197000.0
423,00928.TWO,2025-02-14,15.699999809265137,15.699999809265137,15.800000190734863,15.699999809265137,15.710000038146973,231000.0
424,00928.TWO,2025-02-17,15.819999694824219,15.819999694824219,15.819999694824219,15.739999771118164,15.75,188000.0
425,00928.TWO,2025-02-18,16.290000915527344,16.290000915527344,16.290000915527344,15.970000267028809,15.970000267028809,1477000.0
426,00928.TWO,2025-02-19,16.299999237060547,16.299999237060547,16.43000030517578,16.290000915527344,16.290000915527344,400000.0
427,00928.TWO,2025-02-20,16.399999618530273,16.399999618530273,16.459999084472656,16.329999923706055,16.40999984741211,673000.0
428,00928.TWO,2025-02-21,16.489999771118164,16.489999771118164,16.5,16.3799991607666,16.389999389648438,465000.0
429,00928.TWO,2025-02-24,16.450000762939453,16.450000762939453,16.469999313354492,16.3799991607666,16.469999313354492,266000.0
430,00928.TWO,2025-02-25,16.34000015258789,16.34000015258789,16.3799991607666,16.229999542236328,16.3799991607666,215000.0
431,00928.TWO,2025-02-26,16.360000610351562,16.360000610351562,16.389999389648438,16.200000762939453,16.229999542236328,140000.0
432,00928.TWO,2025-02-27,16.15999984741211,16.15999984741211,16.420000076293945,16.15999984741211,16.399999618530273,492000.0
433,00928.TWO,2025-03-03,15.960000038146973,15.960000038146973,16.110000610351562,15.930000305175781,16.079999923706055,511000.0
434,00928.TWO,2025-03-04,16.059999465942383,16.059999465942383,16.079999923706055,15.579999923706055,15.75,860000.0
435,00928.TWO,2025-03-05,16.200000762939453,16.200000762939453,16.299999237060547,16.1200008392334,16.1299991607666,351000.0
436,00928.TWO,2025-03-06,16.31999969482422,16.31999969482422,16.399999618530273,16.200000762939453,16.200000762939453,515000.0
437,00928.TWO,2025-03-07,16.170000076293945,16.170000076293945,16.329999923706055,16.170000076293945,16.229999542236328,270000.0
438,00928.TWO,2025-03-10,16.010000228881836,16.010000228881836,16.25,16.010000228881836,16.219999313354492,696000.0
439,00928.TWO,2025-03-11,15.819999694824219,15.819999694824219,15.899999618530273,15.550000190734863,15.869999885559082,1080000.0
440,00928.TWO,2025-03-12,15.90999984741211,15.90999984741211,16.049999237060547,15.880000114440918,15.899999618530273,904000.0
441,00928.TWO,2025-03-13,15.819999694824219,15.819999694824219,16.200000762939453,15.819999694824219,16.06999969482422,1071000.0
442,00928.TWO,2025-03-14,15.880000114440918,15.880000114440918,15.9399995803833,15.789999961853027,15.880000114440918,876000.0
443,00928.TWO,2025-03-17,15.930000305175781,15.930000305175781,16.100000381469727,15.930000305175781,16.0,624000.0
444,00928.TWO,2025-03-18,16.049999237060547,16.049999237060547,16.1200008392334,16.049999237060547,16.100000381469727,380000.0
445,00928.TWO,2025-03-19,15.859999656677246,15.859999656677246,16.06999969482422,15.859999656677246,16.049999237060547,711000.0
446,00928.TWO,2025-03-20,16.100000381469727,16.100000381469727,16.1200008392334,15.960000038146973,15.960000038146973,306000.0
447,00928.TWO,2025-03-21,16.139999389648438,16.139999389648438,16.139999389648438,16.079999923706055,16.100000381469727,192000.0
448,00928.TWO,2025-03-24,15.979999542236328,15.979999542236328,16.260000228881836,15.979999542236328,16.25,286000.0
449,00928.TWO,2025-03-25,15.949999809265137,15.949999809265137,16.18000030517578,15.920000076293945,16.149999618530273,182000.0
450,00928.TWO,2025-03-26,16.0,16.0,16.06999969482422,15.970000267028809,16.059999465942383,223000.0
451,00928.TWO,2025-03-27,15.770000457763672,15.770000457763672,15.869999885559082,15.760000228881836,15.869999885559082,463000.0
452,00928.TWO,2025-03-28,15.40999984741211,15.40999984741211,15.75,15.359999656677246,15.75,1488000.0
453,00928.TWO,2025-03-31,14.579999923706055,14.579999923706055,15.100000381469727,14.579999923706055,15.0600004196167,2286000.0
454,00928.TWO,2025-04-01,14.920000076293945,14.920000076293945,14.9399995803833,14.670000076293945,14.720000267028809,368000.0
455,00928.TWO,2025-04-02,15.0,15.0,15.0600004196167,14.890000343322754,14.920000076293945,135000.0
456,00928.TWO,2025-04-07,13.5,13.5,13.5,13.5,13.5,284000.0
457,00928.TWO,2025-04-08,12.399999618530273,12.399999618530273,12.65999984741211,12.15999984741211,12.15999984741211,1772000.0
458,00928.TWO,2025-04-09,11.430000305175781,11.430000305175781,12.380000114440918,11.390000343322754,12.380000114440918,1727000.0
459,00928.TWO,2025-04-10,12.569999694824219,12.569999694824219,12.569999694824219,12.569999694824219,12.569999694824219,80000.0
460,00928.TWO,2025-04-11,12.789999961853027,12.789999961853027,12.789999961853027,11.9399995803833,12.430000305175781,1812000.0
461,00928.TWO,2025-04-14,13.140000343322754,13.140000343322754,13.420000076293945,13.0600004196167,13.199999809265137,1028000.0
462,00928.TWO,2025-04-15,13.5,13.5,13.5600004196167,13.300000190734863,13.34000015258789,660000.0
463,00928.TWO,2025-04-16,13.289999961853027,13.289999961853027,13.520000457763672,13.289999961853027,13.470000267028809,420000.0
464,00928.TWO,2025-04-17,13.140000343322754,13.140000343322754,13.270000457763672,13.020000457763672,13.15999984741211,319000.0
465,00928.TWO,2025-04-18,13.140000343322754,13.140000343322754,13.25,13.130000114440918,13.1899995803833,294000.0
466,00928.TWO,2025-04-21,12.850000381469727,12.850000381469727,13.1899995803833,12.850000381469727,13.1899995803833,231000.0
467,00928.TWO,2025-04-22,12.640000343322754,12.640000343322754,12.989999771118164,12.640000343322754,12.699999809265137,769000.0
468,00928.TWO,2025-04-23,13.25,13.25,13.25,13.0600004196167,13.0600004196167,414000.0
469,00928.TWO,2025-04-24,13.399999618530273,13.399999618530273,13.460000038146973,13.270000457763672,13.380000114440918,378000.0
470,00928.TWO,2025-04-25,13.670000076293945,13.670000076293945,13.789999961853027,13.649999618530273,13.760000228881836,214000.0
471,00928.TWO,2025-04-28,13.8100004196167,13.8100004196167,13.850000381469727,13.6899995803833,13.729999542236328,343000.0
472,00928.TWO,2025-04-29,13.84000015258789,13.84000015258789,13.84000015258789,13.739999771118164,13.800000190734863,208000.0
473,00928.TWO,2025-04-30,13.6899995803833,13.6899995803833,13.90999984741211,13.6899995803833,13.84000015258789,225000.0
474,00928.TWO,2025-05-02,13.869999885559082,13.869999885559082,13.970000267028809,13.859999656677246,13.899999618530273,237000.0
475,00928.TWO,2025-05-05,13.670000076293945,13.670000076293945,14.029999732971191,13.470000267028809,14.029999732971191,603000.0
476,00928.TWO,2025-05-06,13.739999771118164,13.739999771118164,13.75,13.569999694824219,13.569999694824219,229000.0
477,00928.TWO,2025-05-07,13.619999885559082,13.619999885559082,13.770000457763672,13.619999885559082,13.760000228881836,18000.0
478,00928.TWO,2025-05-08,13.770000457763672,13.770000457763672,13.819999694824219,13.729999542236328,13.760000228881836,339000.0
479,00928.TWO,2025-05-09,13.779999732971191,13.779999732971191,13.850000381469727,13.6899995803833,13.8100004196167,289000.0
480,00928.TWO,2025-05-12,13.949999809265137,13.949999809265137,13.979999542236328,13.899999618530273,13.899999618530273,164000.0
481,00928.TWO,2025-05-13,14.199999809265137,14.199999809265137,14.380000114440918,14.1899995803833,14.329999923706055,388000.0
482,00928.TWO,2025-05-14,14.420000076293945,14.420000076293945,14.420000076293945,14.300000190734863,14.380000114440918,438000.0
483,00928.TWO,2025-05-15,14.319999694824219,14.319999694824219,14.470000267028809,14.319999694824219,14.470000267028809,301000.0
484,00928.TWO,2025-05-16,14.369999885559082,14.369999885559082,14.40999984741211,14.3100004196167,14.3100004196167,290000.0
485,00928.TWO,2025-05-19,14.0,14.0,14.350000381469727,14.0,14.350000381469727,303000.0
486,00928.TWO,2025-05-20,13.989999771118164,13.989999771118164,14.15999984741211,13.989999771118164,14.15999984741211,124000.0
487,00928.TWO,2025-05-21,14.130000114440918,14.130000114440918,14.15999984741211,14.079999923706055,14.119999885559082,108000.0
488,00928.TWO,2025-05-22,14.029999732971191,14.029999732971191,14.029999732971191,13.859999656677246,13.949999809265137,163000.0
489,00928.TWO,2025-05-23,13.979999542236328,13.979999542236328,14.09000015258789,13.90999984741211,14.09000015258789,102000.0
490,00928.TWO,2025-05-26,13.890000343322754,13.890000343322754,13.979999542236328,13.859999656677246,13.960000038146973,103000.0
491,00928.TWO,2025-05-27,13.789999961853027,13.789999961853027,13.989999771118164,13.779999732971191,13.989999771118164,161000.0
492,00928.TWO,2025-05-28,13.789999961853027,13.789999961853027,13.989999771118164,13.75,13.989999771118164,117000.0
493,00928.TWO,2025-05-29,13.989999771118164,13.989999771118164,14.0,13.930000305175781,13.979999542236328,141000.0
494,00928.TWO,2025-06-02,13.6899995803833,13.6899995803833,13.880000114440918,13.600000381469727,13.880000114440918,523000.0
495,00928.TWO,2025-06-03,13.699999809265137,13.699999809265137,13.880000114440918,13.649999618530273,13.880000114440918,206000.0
496,00928.TWO,2025-06-04,13.989999771118164,13.989999771118164,14.0,13.899999618530273,13.899999618530273,205000.0
497,00928.TWO,2025-06-05,14.069999694824219,14.069999694824219,14.140000343322754,14.0,14.0,280000.0
498,00928.TWO,2025-06-06,14.140000343322754,14.140000343322754,14.140000343322754,14.0,14.0600004196167,72000.0
499,00928.TWO,2025-06-09,14.25,14.25,14.25,14.09000015258789,14.170000076293945,177000.0
500,00928.TWO,2025-06-10,14.489999771118164,14.489999771118164,14.489999771118164,14.289999961853027,14.289999961853027,328000.0
501,00928.TWO,2025-06-11,14.779999732971191,14.779999732971191,14.779999732971191,14.5600004196167,14.5600004196167,417000.0
502,00928.TWO,2025-06-12,14.739999771118164,14.739999771118164,14.84000015258789,14.630000114440918,14.84000015258789,235000.0
503,00928.TWO,2025-06-13,14.470000267028809,14.470000267028809,14.6899995803833,14.449999809265137,14.6899995803833,149000.0
504,00928.TWO,2025-06-16,14.390000343322754,14.390000343322754,14.430000305175781,14.369999885559082,14.40999984741211,328000.0
505,00928.TWO,2025-06-17,14.399999618530273,14.399999618530273,14.630000114440918,14.430000305175781,14.5,53000.0
506,00928.TWO,2025-06-18,14.479999542236328,14.479999542236328,14.520000457763672,14.479999542236328,14.510000228881836,211000.0
507,00928.TWO,2025-06-19,14.289999961853027,14.289999961853027,14.479999542236328,14.270000457763672,14.479999542236328,204000.0
508,00928.TWO,2025-06-20,14.039999961853027,14.039999961853027,14.289999961853027,13.970000267028809,14.289999961853027,142000.0
509,00928.TWO,2025-06-23,14.119999885559082,14.119999885559082,14.119999885559082,13.84000015258789,13.84000015258789,220000.0
510,00928.TWO,2025-06-24,14.539999961853027,14.539999961853027,14.539999961853027,14.359999656677246,14.359999656677246,582000.0
511,00928.TWO,2025-06-25,14.739999771118164,14.739999771118164,14.75,14.630000114440918,14.75,178000.0
512,00928.TWO,2025-06-26,14.779999732971191,14.779999732971191,14.829999923706055,14.739999771118164,14.800000190734863,299000.0
513,00928.TWO,2025-06-27,14.75,14.75,14.850000381469727,14.729999542236328,14.850000381469727,148000.0
514,00928.TWO,2025-06-30,14.649999618530273,14.649999618530273,14.770000457763672,14.640000343322754,14.739999771118164,248000.0
515,00928.TWO,2025-07-01,14.760000228881836,14.760000228881836,14.829999923706055,14.65999984741211,14.65999984741211,183000.0
516,00928.TWO,2025-07-02,14.680000305175781,14.680000305175781,14.729999542236328,14.65999984741211,14.6899995803833,430000.0
517,00928.TWO,2025-07-03,14.880000114440918,14.880000114440918,14.90999984741211,14.779999732971191,14.84000015258789,443000.0
518,00928.TWO,2025-07-04,14.850000381469727,14.850000381469727,14.989999771118164,14.770000457763672,14.949999809265137,210000.0
